Cylinder_ID,batch_id,Customer_Name,Location_PIN,Capacity_kg,Fill_Percent,Status,Condition_Notes,Last_Fill_Date,Last_Test_Date,Next_Test_Due,Current_Location,last_updated,owner_company,current_testing_facility
TEST-1000,BATCH003,Indane,500002,14.2,0,FULL,,2026-02-16,2026-02-26,2025-11-16,Gas Company,2026-03-18 06:41:27.045176+00,Indane,
TEST-1001,BATCH005,Industrial Solutions,500065,14.2,0,Empty,,2026-02-12,2024-12-15,2025-12-15,Gas Company,2026-03-16 10:27:07.302756+00,Industrial Solutions,
TEST-1002,BATCH007,HP Gas,500047,14.2,0,Empty,,2026-02-07,2024-11-28,2025-11-28,Gas Company,2026-03-16 10:04:53.306457+00,HP Gas,
TEST-1003,BATCH010,Industrial Solutions,500029,14.2,0,Damaged,,2026-01-19,2025-07-21,2026-07-21,Testing Center,2026-03-16 10:27:07.302756+00,Industrial Solutions,
TEST-1004,BATCH010,Industrial Solutions,500037,14.2,0,Damaged,,2026-02-16,2024-09-09,2025-09-09,Gas Company,2026-03-16 10:27:07.302756+00,Industrial Solutions,
TEST-1005,BATCH007,HP Gas,500069,14.2,0,Damaged,,2026-02-12,2025-09-13,2026-09-13,Gas Company,2026-03-16 10:04:53.306457+00,HP Gas,
TEST-1006,BATCH003,Indane,500084,14.2,0,Damaged,Valve Leak (Minor),2026-01-26,2026-02-26,2026-02-13,Gas Company,2026-03-16 10:26:34.338202+00,Indane,
TEST-1007,BATCH003,Indane,500080,14.2,0,Empty,,2026-02-03,2026-02-26,2025-08-30,Testing Center,2026-03-16 10:26:34.338202+00,Indane,
TEST-1008,BATCH003,Indane,500021,14.2,0,Empty,,2026-01-27,2026-02-26,2025-10-11,Gas Company,2026-03-16 10:26:34.338202+00,Indane,
TEST-1009,BATCH005,Industrial Solutions,500073,14.2,0,Empty,,2026-01-17,2025-08-01,2026-08-01,Testing Center,2026-03-16 10:27:07.302756+00,Industrial Solutions,
TEST-1010,BATCH005,Industrial Solutions,500092,14.2,0,Empty,,2026-01-25,2025-07-12,2026-07-12,Gas Company,2026-03-16 10:27:07.302756+00,Industrial Solutions,
TEST-1011,BATCH004,Indane,500090,14.2,0,Damaged,Body Dent Repair,2026-01-29,2026-03-06,2026-03-22,Gas Company,2026-03-16 10:26:34.338202+00,Indane,
TEST-1012,BATCH004,Indane,500022,14.2,0,Damaged,,2026-01-28,2026-03-06,2025-08-15,Testing Center,2026-03-16 10:26:34.338202+00,Indane,
TEST-1013,BATCH009,Industrial Solutions,500066,14.2,0,Empty,,2026-02-15,2025-02-13,2026-02-13,Gas Company,2026-03-16 10:27:07.302756+00,Industrial Solutions,
TEST-1014,BATCH007,HP Gas,500046,14.2,0,Damaged,,2026-01-22,2024-07-23,2025-07-23,Gas Company,2026-03-16 10:04:53.306457+00,HP Gas,
TEST-1015,BATCH010,Industrial Solutions,500024,14.2,100,Full,,2026-02-10,2025-03-30,2026-03-30,Gas Company,2026-03-16 10:27:07.302756+00,Industrial Solutions,
TEST-1016,BATCH002,Bharat Gas,500061,14.2,0,Damaged,,2026-02-07,2025-08-04,2026-08-04,Testing Center,2026-03-16 10:25:45.975991+00,Bharat Gas,
TEST-1017,BATCH009,Industrial Solutions,500014,14.2,100,Full,,2026-02-07,2025-05-28,2026-05-28,Testing Center,2026-03-16 10:27:07.302756+00,Industrial Solutions,
TEST-1018,BATCH008,Indane,500062,14.2,100,Full,,2026-02-03,2026-03-06,2026-07-31,Gas Company,2026-03-16 10:26:34.338202+00,Indane,
TEST-1019,BATCH002,Bharat Gas,500008,14.2,0,Full,,2026-02-14,2025-01-04,2026-01-04,Gas Company,2026-03-16 10:25:45.975991+00,Bharat Gas,
TEST-1020,BATCH006,HP Gas,500035,14.2,100,Full,Body Dent Repair,2026-02-16,2026-02-27,2026-06-01,Testing Center,2026-03-16 10:04:53.306457+00,HP Gas,
TEST-1021,BATCH009,Industrial Solutions,500033,14.2,100,Full,,2026-01-31,2025-03-12,2026-03-12,Testing Center,2026-03-16 10:27:07.302756+00,Industrial Solutions,
TEST-1022,BATCH003,Indane,500063,14.2,100,Full,Body Dent Repair,2026-01-28,2026-02-26,2026-11-12,Testing Center,2026-03-16 10:26:34.338202+00,Indane,
TEST-1023,BATCH003,Indane,500066,14.2,0,Damaged,,2026-01-28,2026-02-26,2026-10-24,Gas Company,2026-03-16 10:26:34.338202+00,Indane,
TEST-1024,BATCH005,Industrial Solutions,500094,14.2,0,Damaged,,2026-01-22,2025-05-22,2026-05-22,Testing Center,2026-03-16 10:27:07.302756+00,Industrial Solutions,
TEST-1025,BATCH003,Indane,500003,14.2,100,Full,,2026-01-19,2026-02-26,2025-11-23,Testing Center,2026-03-16 10:26:34.338202+00,Indane,
TEST-1026,BATCH010,Industrial Solutions,500050,14.2,0,Damaged,,2026-02-06,2025-05-09,2026-05-09,Gas Company,2026-03-16 10:27:07.302756+00,Industrial Solutions,
TEST-1027,BATCH003,Indane,500026,14.2,0,Empty,,2026-01-22,2026-02-26,2026-06-15,Testing Center,2026-03-16 10:26:34.338202+00,Indane,
TEST-1028,BATCH002,Bharat Gas,500024,14.2,0,Empty,,2026-02-10,2025-11-11,2026-11-11,Gas Company,2026-03-16 10:25:45.975991+00,Bharat Gas,
TEST-1029,BATCH003,Indane,500031,14.2,0,Empty,,2026-02-03,2026-02-26,2025-10-03,Testing Center,2026-03-16 10:26:34.338202+00,Indane,
TEST-1030,BATCH008,Indane,500035,14.2,100,Full,,2026-02-01,2026-03-06,2025-12-20,Gas Company,2026-03-16 10:26:34.338202+00,Indane,
TEST-1031,BATCH010,Industrial Solutions,500040,14.2,100,Full,,2026-02-12,2025-05-08,2026-05-08,Gas Company,2026-03-16 10:27:07.302756+00,Industrial Solutions,
TEST-1032,BATCH003,Indane,500067,14.2,0,Damaged,Foot Ring Straightening,2026-01-26,2026-02-26,2026-10-27,Gas Company,2026-03-16 10:26:34.338202+00,Indane,
TEST-1033,BATCH008,Indane,500097,14.2,0,Empty,,2026-02-04,2026-03-06,2025-07-27,Testing Center,2026-03-16 10:26:34.338202+00,Indane,
TEST-1034,BATCH009,Industrial Solutions,500064,14.2,0,Damaged,,2026-01-30,2025-05-16,2026-05-16,Testing Center,2026-03-16 10:27:07.302756+00,Industrial Solutions,
TEST-1035,BATCH007,HP Gas,500030,14.2,0,Damaged,,2026-01-27,2025-02-17,2026-02-17,Testing Center,2026-03-16 10:04:53.306457+00,HP Gas,
TEST-1036,BATCH009,Industrial Solutions,500036,14.2,0,Damaged,,2026-01-26,2025-06-26,2026-06-26,Gas Company,2026-03-16 10:27:07.302756+00,Industrial Solutions,
TEST-1037,BATCH002,Bharat Gas,500026,14.2,0,Empty,,2026-02-09,2024-11-26,2025-11-26,Gas Company,2026-03-16 10:25:45.975991+00,Bharat Gas,
TEST-1038,BATCH002,Bharat Gas,500021,14.2,0,Empty,,2026-01-24,2025-08-21,2026-08-21,Gas Company,2026-03-16 10:25:45.975991+00,Bharat Gas,
TEST-1039,BATCH004,Indane,500063,14.2,0,Empty,Valve Leak (Minor),2026-01-24,2026-03-06,2026-09-10,Gas Company,2026-03-16 10:26:34.338202+00,Indane,
TEST-1040,BATCH003,Indane,500080,14.2,0,Damaged,,2026-01-18,2026-02-26,2026-05-12,Testing Center,2026-03-16 10:26:34.338202+00,Indane,
TEST-1041,BATCH006,HP Gas,500080,14.2,0,Damaged,,2026-01-30,2026-02-27,2025-09-29,Gas Company,2026-03-16 10:04:53.306457+00,HP Gas,
TEST-1042,BATCH003,Indane,500088,14.2,0,Empty,,2026-02-02,2026-02-26,2025-11-11,Testing Center,2026-03-16 10:26:34.338202+00,Indane,
TEST-1043,BATCH003,Indane,500094,14.2,0,Damaged,,2026-02-14,2026-02-26,2026-09-09,Gas Company,2026-03-16 10:26:34.338202+00,Indane,
TEST-1044,BATCH003,Indane,500017,14.2,0,Empty,,2026-01-19,2026-02-26,2026-05-25,Testing Center,2026-03-16 10:26:34.338202+00,Indane,
TEST-1045,BATCH006,HP Gas,500039,14.2,100,Full,,2026-01-28,2026-02-27,2026-02-05,Testing Center,2026-03-16 10:04:53.306457+00,HP Gas,
TEST-1046,BATCH010,Industrial Solutions,500071,14.2,0,Damaged,,2026-02-06,2024-07-15,2025-07-15,Testing Center,2026-03-16 10:27:07.302756+00,Industrial Solutions,
TEST-1047,BATCH009,Industrial Solutions,500053,14.2,100,Full,,2026-01-21,2025-03-18,2026-03-18,Testing Center,2026-03-16 10:27:07.302756+00,Industrial Solutions,
TEST-1048,BATCH001,HP Gas,500037,14.2,100,In-Use,Body Dent Repair,2026-02-14,2026-02-27,2025-11-27,Testing Center,2026-03-16 10:04:53.306457+00,HP Gas,
TEST-1049,BATCH003,Indane,500070,14.2,0,Empty,,2026-02-07,2026-02-26,2026-06-24,Testing Center,2026-03-16 10:26:34.338202+00,Indane,
TEST-1050,BATCH006,HP Gas,500023,14.2,0,Empty,,2026-01-23,2026-02-27,2025-09-07,Testing Center,2026-03-16 10:04:53.306457+00,HP Gas,
TEST-1051,BATCH004,Indane,500040,14.2,0,Empty,,2026-02-16,2026-03-06,2026-04-18,Gas Company,2026-03-16 10:26:34.338202+00,Indane,
TEST-1052,BATCH008,Indane,500063,14.2,0,Empty,Body Dent Repair,2026-01-25,2026-03-06,2026-02-04,Testing Center,2026-03-16 10:26:34.338202+00,Indane,
TEST-1053,BATCH010,Industrial Solutions,500024,14.2,0,Empty,,2026-01-30,2025-05-10,2026-05-10,Testing Center,2026-03-16 10:27:07.302756+00,Industrial Solutions,
TEST-1054,BATCH007,HP Gas,500042,14.2,0,Damaged,,2026-01-24,2024-11-08,2025-11-08,Testing Center,2026-03-16 10:04:53.306457+00,HP Gas,
TEST-1055,BATCH010,Industrial Solutions,500084,14.2,100,Full,,2026-02-03,2025-01-30,2026-01-30,Gas Company,2026-03-16 10:27:07.302756+00,Industrial Solutions,
TEST-1056,BATCH007,HP Gas,500041,14.2,0,Empty,,2026-01-23,2024-07-21,2025-07-21,Gas Company,2026-03-16 10:04:53.306457+00,HP Gas,
TEST-1057,BATCH005,Industrial Solutions,500032,14.2,0,Damaged,,2026-02-16,2025-05-06,2026-05-06,Gas Company,2026-03-16 10:27:07.302756+00,Industrial Solutions,
TEST-1058,BATCH001,HP Gas,500016,14.2,0,TESTING,,2026-02-03,2026-02-27,2025-12-17,Gas Company,2026-03-18 09:15:20.787344+00,HP Gas,
TEST-1059,BATCH001,HP Gas,500064,14.2,0,Empty,,2026-01-31,2026-02-27,2026-04-08,Gas Company,2026-03-16 10:04:53.306457+00,HP Gas,
TEST-1060,BATCH009,Industrial Solutions,500069,14.2,0,Empty,,2026-01-20,2024-08-07,2025-08-07,Gas Company,2026-03-16 10:27:07.302756+00,Industrial Solutions,
TEST-1061,BATCH009,Industrial Solutions,500069,14.2,100,Full,,2026-02-03,2025-05-03,2026-05-03,Testing Center,2026-03-16 10:27:07.302756+00,Industrial Solutions,
TEST-1062,BATCH001,HP Gas,500099,14.2,0,Empty,,2026-02-16,2026-02-27,2026-05-30,Testing Center,2026-03-16 10:04:53.306457+00,HP Gas,
TEST-1063,BATCH001,HP Gas,500011,14.2,100,Full,,2026-01-27,2026-02-27,2025-08-10,Testing Center,2026-03-16 10:04:53.306457+00,HP Gas,
TEST-1064,BATCH005,Industrial Solutions,500031,14.2,100,Full,,2026-01-27,2025-01-24,2026-01-24,Testing Center,2026-03-16 10:27:07.302756+00,Industrial Solutions,
TEST-1065,BATCH005,Industrial Solutions,500070,14.2,0,Damaged,,2026-02-05,2024-12-02,2025-12-02,Gas Company,2026-03-16 10:27:07.302756+00,Industrial Solutions,
TEST-1066,BATCH003,Indane,500049,14.2,0,Damaged,,2026-02-01,2026-02-26,2025-07-09,Testing Center,2026-03-16 10:26:34.338202+00,Indane,
TEST-1067,BATCH010,Industrial Solutions,500054,14.2,0,Empty,,2026-01-31,2024-07-26,2025-07-26,Gas Company,2026-03-16 10:27:07.302756+00,Industrial Solutions,
TEST-1068,BATCH004,Indane,500043,14.2,0,Empty,,2026-02-07,2026-03-06,2025-11-29,Gas Company,2026-03-16 10:26:34.338202+00,Indane,
TEST-1069,BATCH008,Indane,500039,14.2,0,Empty,,2026-01-23,2026-03-06,2026-08-19,Gas Company,2026-03-16 10:26:34.338202+00,Indane,
TEST-1070,BATCH008,Indane,500011,14.2,0,Empty,,2026-01-23,2026-03-06,2025-08-03,Testing Center,2026-03-16 10:26:34.338202+00,Indane,
TEST-1071,BATCH005,Industrial Solutions,500070,14.2,0,Empty,,2026-02-13,2025-02-08,2026-02-08,Gas Company,2026-03-16 10:27:07.302756+00,Industrial Solutions,
TEST-1072,BATCH006,HP Gas,500051,14.2,0,Empty,,2026-01-22,2026-02-27,2026-02-21,Gas Company,2026-03-16 10:04:53.306457+00,HP Gas,
TEST-1073,BATCH008,Indane,500049,14.2,0,Damaged,,2026-02-08,2026-03-06,2026-09-30,Gas Company,2026-03-16 10:26:34.338202+00,Indane,
TEST-1074,BATCH006,HP Gas,500073,14.2,100,Full,Foot Ring Straightening,2026-02-14,2026-02-27,2025-10-24,Testing Center,2026-03-16 10:04:53.306457+00,HP Gas,
TEST-1075,BATCH006,HP Gas,500008,14.2,100,Full,,2026-02-09,2026-02-27,2026-03-22,Gas Company,2026-03-16 10:04:53.306457+00,HP Gas,
TEST-1076,BATCH008,Indane,500077,14.2,0,Empty,,2026-01-18,2026-03-06,2026-02-20,Gas Company,2026-03-16 10:26:34.338202+00,Indane,
TEST-1077,BATCH002,Bharat Gas,500081,14.2,0,Empty,,2026-01-28,2025-03-24,2026-03-24,Gas Company,2026-03-16 10:25:45.975991+00,Bharat Gas,
TEST-1078,BATCH010,Industrial Solutions,500044,14.2,0,Empty,,2026-01-20,2025-06-24,2026-06-24,Testing Center,2026-03-16 10:27:07.302756+00,Industrial Solutions,
TEST-1079,BATCH008,Indane,500082,14.2,0,Damaged,,2026-02-08,2026-03-06,2025-12-04,Testing Center,2026-03-16 10:26:34.338202+00,Indane,
TEST-1080,BATCH006,HP Gas,500060,14.2,0,Damaged,,2026-01-26,2026-02-27,2025-07-25,Testing Center,2026-03-16 10:04:53.306457+00,HP Gas,
TEST-1081,BATCH009,Industrial Solutions,500050,14.2,100,Full,,2026-02-06,2025-04-29,2026-04-29,Gas Company,2026-03-16 10:27:07.302756+00,Industrial Solutions,
TEST-1082,BATCH008,Indane,500035,14.2,0,Empty,,2026-02-11,2026-03-06,2026-05-10,Testing Center,2026-03-16 10:26:34.338202+00,Indane,
TEST-1083,BATCH006,HP Gas,500041,14.2,0,Empty,,2026-02-05,2026-02-27,2026-03-23,Testing Center,2026-03-16 10:04:53.306457+00,HP Gas,
TEST-1084,BATCH010,Industrial Solutions,500025,14.2,100,Full,,2026-02-02,2025-03-18,2026-03-18,Testing Center,2026-03-16 10:27:07.302756+00,Industrial Solutions,
TEST-1085,BATCH001,HP Gas,500048,14.2,0,Empty,,2026-02-07,2026-02-27,2025-09-23,Gas Company,2026-03-16 10:04:53.306457+00,HP Gas,
TEST-1086,BATCH006,HP Gas,500076,14.2,0,Damaged,,2026-02-01,2026-02-27,2026-05-18,Gas Company,2026-03-16 10:04:53.306457+00,HP Gas,
TEST-1087,BATCH005,Industrial Solutions,500094,14.2,0,Empty,,2026-01-18,2024-11-24,2025-11-24,Testing Center,2026-03-16 10:27:07.302756+00,Industrial Solutions,
TEST-1088,BATCH001,HP Gas,500085,14.2,0,Empty,,2026-02-15,2026-02-27,2025-10-30,Gas Company,2026-03-16 10:04:53.306457+00,HP Gas,
TEST-1089,BATCH007,HP Gas,500019,14.2,0,Damaged,,2026-02-15,2025-01-08,2026-01-08,Gas Company,2026-03-16 10:04:53.306457+00,HP Gas,
TEST-1090,BATCH002,Bharat Gas,500018,14.2,100,Full,,2026-02-03,2025-01-25,2026-01-25,Testing Center,2026-03-16 10:25:45.975991+00,Bharat Gas,
TEST-1091,BATCH002,Bharat Gas,500046,14.2,100,Full,,2026-01-19,2025-05-07,2026-05-07,Testing Center,2026-03-16 10:25:45.975991+00,Bharat Gas,
TEST-1092,BATCH002,Bharat Gas,500036,14.2,0,Empty,,2026-02-16,2025-11-04,2026-11-04,Gas Company,2026-03-16 10:25:45.975991+00,Bharat Gas,
TEST-1093,BATCH003,Indane,500025,14.2,0,Empty,,2026-02-11,2026-02-26,2026-06-09,Gas Company,2026-03-16 10:26:34.338202+00,Indane,
TEST-1094,BATCH010,Industrial Solutions,500087,14.2,100,Full,,2026-02-04,2025-08-23,2026-08-23,Testing Center,2026-03-16 10:27:07.302756+00,Industrial Solutions,
TEST-1095,BATCH007,HP Gas,500057,14.2,0,Empty,,2026-02-12,2025-08-24,2026-08-24,Testing Center,2026-03-16 10:04:53.306457+00,HP Gas,
TEST-1096,BATCH005,Industrial Solutions,500025,14.2,100,Full,,2026-02-12,2025-02-17,2026-02-17,Testing Center,2026-03-16 10:27:07.302756+00,Industrial Solutions,
TEST-1097,BATCH010,Industrial Solutions,500005,14.2,0,Damaged,,2026-01-29,2024-07-27,2025-07-27,Gas Company,2026-03-16 10:27:07.302756+00,Industrial Solutions,
TEST-1098,BATCH003,Indane,500088,14.2,0,Damaged,,2026-01-22,2026-02-26,2025-07-11,Gas Company,2026-03-16 10:26:34.338202+00,Indane,
TEST-1099,BATCH006,HP Gas,500093,14.2,100,Full,,2026-02-01,2026-02-27,2026-06-18,Gas Company,2026-03-16 10:04:53.306457+00,HP Gas,
TEST-1100,BATCH002,Bharat Gas,500053,14.2,0,Empty,,2026-01-20,2025-05-07,2026-05-07,Gas Company,2026-03-16 10:25:45.975991+00,Bharat Gas,
TEST-1101,BATCH009,Industrial Solutions,500066,14.2,0,Damaged,,2026-02-01,2024-12-06,2025-12-06,Gas Company,2026-03-16 10:27:07.302756+00,Industrial Solutions,
TEST-1102,BATCH007,HP Gas,500031,14.2,100,Full,,2026-02-15,2025-01-29,2026-01-29,Gas Company,2026-03-16 10:04:53.306457+00,HP Gas,
TEST-1103,BATCH003,Indane,500065,14.2,100,Full,,2026-02-05,2026-02-26,2026-01-26,Testing Center,2026-03-16 10:26:34.338202+00,Indane,
TEST-1104,BATCH004,Indane,500052,14.2,100,Full,,2026-02-05,2026-03-06,2025-11-18,Gas Company,2026-03-16 10:26:34.338202+00,Indane,
TEST-1105,BATCH006,HP Gas,500055,14.2,100,Full,,2026-01-24,2026-02-27,2025-11-13,Testing Center,2026-03-16 10:04:53.306457+00,HP Gas,
TEST-1106,BATCH007,HP Gas,500065,14.2,0,Empty,,2026-02-15,2025-07-05,2026-07-05,Testing Center,2026-03-16 10:04:53.306457+00,HP Gas,
TEST-1107,BATCH007,HP Gas,500051,14.2,0,Damaged,,2026-02-05,2025-02-10,2026-02-10,Gas Company,2026-03-16 10:04:53.306457+00,HP Gas,
TEST-1108,BATCH002,Bharat Gas,500072,14.2,0,Empty,,2026-01-29,2025-05-22,2026-05-22,Testing Center,2026-03-16 10:25:45.975991+00,Bharat Gas,
TEST-1109,BATCH010,Industrial Solutions,500021,14.2,0,Damaged,,2026-01-29,2024-07-24,2025-07-24,Testing Center,2026-03-16 10:27:07.302756+00,Industrial Solutions,
TEST-1110,BATCH004,Indane,500031,14.2,0,Damaged,Foot Ring Straightening,2026-01-17,2026-03-06,2025-12-29,Gas Company,2026-03-16 10:26:34.338202+00,Indane,
TEST-1111,BATCH010,Industrial Solutions,500072,14.2,0,Empty,,2026-02-06,2025-09-24,2026-09-24,Gas Company,2026-03-16 10:27:07.302756+00,Industrial Solutions,
TEST-1112,BATCH006,HP Gas,500001,14.2,0,Empty,,2026-02-07,2026-02-27,2026-03-09,Gas Company,2026-03-16 10:04:53.306457+00,HP Gas,
TEST-1113,BATCH004,Indane,500093,14.2,0,Damaged,,2026-02-13,2026-03-06,2025-12-30,Testing Center,2026-03-16 10:26:34.338202+00,Indane,
TEST-1114,BATCH008,Indane,500075,14.2,0,Empty,,2026-01-27,2026-03-06,2025-12-19,Testing Center,2026-03-16 10:26:34.338202+00,Indane,
TEST-1115,BATCH006,HP Gas,500016,14.2,0,Empty,,2026-02-13,2026-02-27,2026-06-09,Testing Center,2026-03-16 10:04:53.306457+00,HP Gas,
TEST-1116,BATCH002,Bharat Gas,500043,14.2,0,Empty,,2026-01-22,2025-07-06,2026-07-06,Testing Center,2026-03-16 10:25:45.975991+00,Bharat Gas,
TEST-1117,BATCH009,Industrial Solutions,500052,14.2,0,Empty,,2026-01-19,2025-10-11,2026-10-11,Gas Company,2026-03-16 10:27:07.302756+00,Industrial Solutions,
TEST-1118,BATCH005,Industrial Solutions,500064,14.2,0,Empty,,2026-01-19,2025-02-26,2026-02-26,Gas Company,2026-03-16 10:27:07.302756+00,Industrial Solutions,
TEST-1119,BATCH005,Industrial Solutions,500097,14.2,0,Damaged,,2026-01-31,2025-09-29,2026-09-29,Gas Company,2026-03-16 10:27:07.302756+00,Industrial Solutions,
TEST-1120,BATCH006,HP Gas,500056,14.2,0,Empty,,2026-02-05,2026-02-27,2026-02-08,Gas Company,2026-03-16 10:04:53.306457+00,HP Gas,
TEST-1121,BATCH004,Indane,500045,14.2,0,Empty,,2026-01-23,2026-03-06,2026-04-06,Testing Center,2026-03-16 10:26:34.338202+00,Indane,
TEST-1122,BATCH009,Industrial Solutions,500091,14.2,0,Empty,,2026-02-04,2025-05-16,2026-05-16,Gas Company,2026-03-16 10:27:07.302756+00,Industrial Solutions,
TEST-1123,BATCH001,HP Gas,500071,14.2,0,Damaged,,2026-02-14,2026-02-27,2026-02-28,Testing Center,2026-03-16 10:04:53.306457+00,HP Gas,
TEST-1124,BATCH007,HP Gas,500005,14.2,0,Empty,,2026-02-11,2025-04-20,2026-04-20,Testing Center,2026-03-16 10:04:53.306457+00,HP Gas,
TEST-1125,BATCH006,HP Gas,500025,14.2,0,Empty,Re-painting Required,2026-02-01,2026-02-27,2026-02-16,Gas Company,2026-03-16 10:04:53.306457+00,HP Gas,
TEST-1126,BATCH009,Industrial Solutions,500014,14.2,0,Empty,,2026-02-14,2025-10-01,2026-10-01,Gas Company,2026-03-16 10:27:07.302756+00,Industrial Solutions,
TEST-1127,BATCH006,HP Gas,500059,14.2,0,Damaged,,2026-01-26,2026-02-27,2026-05-24,Gas Company,2026-03-16 10:04:53.306457+00,HP Gas,
TEST-1128,BATCH003,Indane,500080,14.2,0,Empty,,2026-01-19,2026-02-26,2025-09-21,Gas Company,2026-03-16 10:26:34.338202+00,Indane,
TEST-1129,BATCH008,Indane,500093,14.2,100,Full,,2026-01-28,2026-03-06,2026-08-18,Testing Center,2026-03-16 10:26:34.338202+00,Indane,
TEST-1130,BATCH007,HP Gas,500096,14.2,0,Damaged,,2026-01-31,2025-07-06,2026-07-06,Testing Center,2026-03-16 10:04:53.306457+00,HP Gas,
TEST-1131,BATCH001,HP Gas,500019,14.2,100,Full,,2026-02-10,2026-02-27,2025-10-20,Gas Company,2026-03-16 10:04:53.306457+00,HP Gas,
TEST-1132,BATCH004,Indane,500014,14.2,0,Empty,,2026-01-20,2026-03-06,2025-10-13,Testing Center,2026-03-16 10:26:34.338202+00,Indane,
TEST-1133,BATCH005,Industrial Solutions,500005,14.2,0,Empty,,2026-02-07,2025-07-25,2026-07-25,Testing Center,2026-03-16 10:27:07.302756+00,Industrial Solutions,
TEST-1134,BATCH005,Industrial Solutions,500008,14.2,100,Full,,2026-02-10,2024-09-16,2025-09-16,Gas Company,2026-03-16 10:27:07.302756+00,Industrial Solutions,
TEST-1135,BATCH010,Industrial Solutions,500017,14.2,0,Damaged,,2026-02-09,2025-09-19,2026-09-19,Gas Company,2026-03-16 10:27:07.302756+00,Industrial Solutions,
TEST-1136,BATCH005,Industrial Solutions,500029,14.2,0,Empty,,2026-01-30,2025-08-26,2026-08-26,Testing Center,2026-03-16 10:27:07.302756+00,Industrial Solutions,
TEST-1137,BATCH005,Industrial Solutions,500015,14.2,100,Full,,2026-01-17,2025-04-19,2026-04-19,Testing Center,2026-03-16 10:27:07.302756+00,Industrial Solutions,
TEST-1138,BATCH006,HP Gas,500050,14.2,0,Empty,,2026-02-06,2026-02-27,2026-05-20,Gas Company,2026-03-16 10:04:53.306457+00,HP Gas,
TEST-1139,BATCH009,Industrial Solutions,500074,14.2,0,Empty,,2026-01-21,2025-08-16,2026-08-16,Testing Center,2026-03-16 10:27:07.302756+00,Industrial Solutions,
TEST-1140,BATCH005,Industrial Solutions,500078,14.2,0,Empty,,2026-02-14,2025-02-16,2026-02-16,Gas Company,2026-03-16 10:27:07.302756+00,Industrial Solutions,
TEST-1141,BATCH003,Indane,500069,14.2,0,Empty,,2026-01-19,2026-02-26,2026-10-14,Testing Center,2026-03-16 10:26:34.338202+00,Indane,
TEST-1142,BATCH009,Industrial Solutions,500015,14.2,0,Damaged,,2026-02-08,2025-04-21,2026-04-21,Gas Company,2026-03-16 10:27:07.302756+00,Industrial Solutions,
TEST-1143,BATCH001,HP Gas,500013,14.2,0,Damaged,,2026-02-10,2026-02-27,2026-10-19,Gas Company,2026-03-16 10:04:53.306457+00,HP Gas,
TEST-1144,BATCH010,Industrial Solutions,500021,14.2,0,Damaged,,2026-01-23,2025-07-02,2026-07-02,Gas Company,2026-03-16 10:27:07.302756+00,Industrial Solutions,
TEST-1145,BATCH003,Indane,500006,14.2,0,Empty,,2026-01-29,2026-02-26,2026-08-03,Testing Center,2026-03-16 10:26:34.338202+00,Indane,
TEST-1146,BATCH010,Industrial Solutions,500060,14.2,0,Damaged,,2026-01-22,2025-01-06,2026-01-06,Testing Center,2026-03-16 10:27:07.302756+00,Industrial Solutions,
TEST-1147,BATCH009,Industrial Solutions,500023,14.2,0,Empty,,2026-01-21,2024-08-16,2025-08-16,Testing Center,2026-03-16 10:27:07.302756+00,Industrial Solutions,
TEST-1148,BATCH010,Industrial Solutions,500085,14.2,0,Empty,,2026-02-16,2024-11-08,2025-11-08,Gas Company,2026-03-16 10:27:07.302756+00,Industrial Solutions,
TEST-1149,BATCH005,Industrial Solutions,500071,14.2,100,Full,,2026-01-26,2024-11-26,2025-11-26,Testing Center,2026-03-16 10:27:07.302756+00,Industrial Solutions,
TEST-1150,BATCH001,HP Gas,500081,14.2,0,Empty,,2026-01-27,2026-02-27,2026-10-14,Gas Company,2026-03-16 10:04:53.306457+00,HP Gas,
TEST-1151,BATCH001,HP Gas,500077,14.2,0,Empty,,2026-01-19,2026-02-27,2025-09-23,Testing Center,2026-03-16 10:04:53.306457+00,HP Gas,
TEST-1152,BATCH002,Bharat Gas,500074,14.2,100,Full,,2026-01-28,2024-12-20,2025-12-20,Gas Company,2026-03-16 10:25:45.975991+00,Bharat Gas,
TEST-1153,BATCH009,Industrial Solutions,500090,14.2,0,Empty,,2026-02-04,2024-10-17,2025-10-17,Gas Company,2026-03-16 10:27:07.302756+00,Industrial Solutions,
TEST-1154,BATCH008,Indane,500081,14.2,100,Full,,2026-01-28,2026-03-06,2026-02-18,Testing Center,2026-03-16 10:26:34.338202+00,Indane,
TEST-1155,BATCH007,HP Gas,500019,14.2,0,Empty,,2026-01-30,2024-12-08,2025-12-08,Gas Company,2026-03-16 10:04:53.306457+00,HP Gas,
TEST-1156,BATCH009,Industrial Solutions,500072,14.2,0,Damaged,,2026-01-31,2025-07-08,2026-07-08,Gas Company,2026-03-16 10:27:07.302756+00,Industrial Solutions,
TEST-1157,BATCH010,Industrial Solutions,500068,14.2,100,Full,,2026-02-03,2024-10-21,2025-10-21,Testing Center,2026-03-16 10:27:07.302756+00,Industrial Solutions,
TEST-1158,BATCH007,HP Gas,500057,14.2,0,Empty,,2026-02-02,2025-02-28,2026-02-28,Gas Company,2026-03-16 10:04:53.306457+00,HP Gas,
TEST-1159,BATCH005,Industrial Solutions,500038,14.2,0,Empty,,2026-02-06,2024-08-20,2025-08-20,Testing Center,2026-03-16 10:27:07.302756+00,Industrial Solutions,
TEST-1160,BATCH009,Industrial Solutions,500029,14.2,0,Empty,,2026-02-07,2025-03-12,2026-03-12,Testing Center,2026-03-16 10:27:07.302756+00,Industrial Solutions,
TEST-1161,BATCH004,Indane,500031,14.2,0,Empty,,2026-02-08,2026-03-06,2026-06-02,Testing Center,2026-03-16 10:26:34.338202+00,Indane,
TEST-1162,BATCH007,HP Gas,500072,14.2,0,Empty,,2026-02-09,2025-10-27,2026-10-27,Gas Company,2026-03-16 10:04:53.306457+00,HP Gas,
TEST-1163,BATCH005,Industrial Solutions,500079,14.2,100,Full,,2026-01-18,2024-10-16,2025-10-16,Testing Center,2026-03-16 10:27:07.302756+00,Industrial Solutions,
TEST-1164,BATCH009,Industrial Solutions,500065,14.2,0,Damaged,,2026-02-15,2024-12-04,2025-12-04,Gas Company,2026-03-16 10:27:07.302756+00,Industrial Solutions,
TEST-1165,BATCH004,Indane,500039,14.2,100,Full,,2026-02-05,2026-03-06,2026-05-11,Gas Company,2026-03-16 10:26:34.338202+00,Indane,
TEST-1166,BATCH009,Industrial Solutions,500051,14.2,0,Empty,,2026-02-06,2024-12-04,2025-12-04,Testing Center,2026-03-16 10:27:07.302756+00,Industrial Solutions,
TEST-1167,BATCH003,Indane,500098,14.2,0,Empty,,2026-02-15,2026-02-26,2026-01-21,Testing Center,2026-03-16 10:26:34.338202+00,Indane,
TEST-1168,BATCH007,HP Gas,500071,14.2,0,Empty,,2026-01-20,2024-07-12,2025-07-12,Testing Center,2026-03-16 10:04:53.306457+00,HP Gas,
TEST-1169,BATCH002,Bharat Gas,500008,14.2,100,Full,,2026-01-30,2025-10-13,2026-10-13,Gas Company,2026-03-16 10:25:45.975991+00,Bharat Gas,
TEST-1170,BATCH001,HP Gas,500060,14.2,0,Empty,,2026-02-07,2026-02-27,2026-02-01,Gas Company,2026-03-16 10:04:53.306457+00,HP Gas,
TEST-1171,BATCH003,Indane,500070,14.2,0,Empty,,2026-01-21,2026-02-26,2026-09-29,Testing Center,2026-03-16 10:26:34.338202+00,Indane,
TEST-1172,BATCH005,Industrial Solutions,500016,14.2,0,Empty,,2026-01-22,2025-07-24,2026-07-24,Testing Center,2026-03-16 10:27:07.302756+00,Industrial Solutions,
TEST-1173,BATCH007,HP Gas,500062,14.2,0,Empty,,2026-02-06,2025-03-02,2026-03-02,Gas Company,2026-03-16 10:04:53.306457+00,HP Gas,
TEST-1174,BATCH001,HP Gas,500025,14.2,0,Empty,Valve Replacement,2026-02-01,2026-02-27,2026-01-15,Gas Company,2026-03-16 10:04:53.306457+00,HP Gas,
TEST-1175,BATCH002,Bharat Gas,500011,14.2,0,Empty,,2026-02-03,2025-10-29,2026-10-29,Gas Company,2026-03-16 10:25:45.975991+00,Bharat Gas,
TEST-1176,BATCH007,HP Gas,500078,14.2,0,Damaged,,2026-01-22,2025-05-25,2026-05-25,Testing Center,2026-03-16 10:04:53.306457+00,HP Gas,
TEST-1177,BATCH004,Indane,500085,14.2,0,Empty,Body Dent Repair,2026-02-03,2026-03-06,2025-08-03,Gas Company,2026-03-16 10:26:34.338202+00,Indane,
TEST-1178,BATCH009,Industrial Solutions,500008,14.2,0,Damaged,,2026-01-27,2024-11-07,2025-11-07,Testing Center,2026-03-16 10:27:07.302756+00,Industrial Solutions,
TEST-1179,BATCH004,Indane,500057,14.2,100,Full,,2026-01-25,2026-03-06,2026-01-17,Testing Center,2026-03-16 10:26:34.338202+00,Indane,
TEST-1180,BATCH009,Industrial Solutions,500096,14.2,0,Empty,,2026-01-30,2025-09-18,2026-09-18,Testing Center,2026-03-16 10:27:07.302756+00,Industrial Solutions,
TEST-1181,BATCH003,Indane,500038,14.2,0,Empty,,2026-01-30,2026-02-26,2026-02-21,Testing Center,2026-03-16 10:26:34.338202+00,Indane,
TEST-1182,BATCH008,Indane,500053,14.2,0,Empty,,2026-02-01,2026-03-06,2025-09-18,Gas Company,2026-03-16 10:26:34.338202+00,Indane,
TEST-1183,BATCH003,Indane,500027,14.2,0,Empty,,2026-02-02,2026-02-26,2026-04-11,Gas Company,2026-03-16 10:26:34.338202+00,Indane,
TEST-1184,BATCH002,Bharat Gas,500068,14.2,0,Empty,,2026-01-20,2025-04-09,2026-04-09,Gas Company,2026-03-16 10:25:45.975991+00,Bharat Gas,
TEST-1185,BATCH007,HP Gas,500062,14.2,0,Damaged,,2026-01-30,2025-10-01,2026-10-01,Gas Company,2026-03-16 10:04:53.306457+00,HP Gas,
TEST-1186,BATCH005,Industrial Solutions,500095,14.2,100,Full,,2026-02-02,2025-01-18,2026-01-18,Testing Center,2026-03-16 10:27:07.302756+00,Industrial Solutions,
TEST-1187,BATCH004,Indane,500080,14.2,100,Full,,2026-01-24,2026-03-06,2026-09-28,Gas Company,2026-03-16 10:26:34.338202+00,Indane,
TEST-1188,BATCH009,Industrial Solutions,500095,14.2,0,Empty,,2026-02-10,2024-08-31,2025-08-31,Testing Center,2026-03-16 10:27:07.302756+00,Industrial Solutions,
TEST-1189,BATCH009,Industrial Solutions,500033,14.2,0,Empty,,2026-01-29,2025-05-20,2026-05-20,Gas Company,2026-03-16 10:27:07.302756+00,Industrial Solutions,
TEST-1190,BATCH002,Bharat Gas,500048,14.2,0,Empty,,2026-01-27,2025-08-09,2026-08-09,Testing Center,2026-03-16 10:25:45.975991+00,Bharat Gas,
TEST-1191,BATCH004,Indane,500066,14.2,0,Damaged,,2026-02-08,2026-03-06,2025-07-16,Gas Company,2026-03-16 10:26:34.338202+00,Indane,
TEST-1192,BATCH006,HP Gas,500088,14.2,100,Full,,2026-01-26,2026-02-27,2025-12-05,Gas Company,2026-03-16 10:04:53.306457+00,HP Gas,
TEST-1193,BATCH007,HP Gas,500083,14.2,0,Empty,,2026-02-06,2025-07-07,2026-07-07,Gas Company,2026-03-16 10:04:53.306457+00,HP Gas,
TEST-1194,BATCH009,Industrial Solutions,500025,14.2,0,Empty,,2026-01-18,2025-10-21,2026-10-21,Testing Center,2026-03-16 10:27:07.302756+00,Industrial Solutions,
TEST-1195,BATCH005,Industrial Solutions,500059,14.2,100,Full,,2026-02-02,2025-06-29,2026-06-29,Testing Center,2026-03-16 10:27:07.302756+00,Industrial Solutions,
TEST-1196,BATCH008,Indane,500060,14.2,0,Empty,,2026-01-17,2026-03-06,2025-09-13,Gas Company,2026-03-16 10:26:34.338202+00,Indane,
TEST-1197,BATCH010,Industrial Solutions,500069,14.2,0,Empty,,2026-01-31,2024-12-03,2025-12-03,Testing Center,2026-03-16 10:27:07.302756+00,Industrial Solutions,
TEST-1198,BATCH005,Industrial Solutions,500073,14.2,0,Empty,,2026-02-14,2025-04-25,2026-04-25,Testing Center,2026-03-16 10:27:07.302756+00,Industrial Solutions,
TEST-1199,BATCH009,Industrial Solutions,500041,14.2,100,Full,,2026-01-29,2024-11-20,2025-11-20,Gas Company,2026-03-16 10:27:07.302756+00,Industrial Solutions,
TEST-1200,BATCH009,Industrial Solutions,500055,14.2,100,Full,,2026-02-06,2025-04-22,2026-04-22,Gas Company,2026-03-16 10:27:07.302756+00,Industrial Solutions,
TEST-1201,BATCH002,Bharat Gas,500097,14.2,0,Damaged,,2026-02-02,2024-12-16,2025-12-16,Gas Company,2026-03-16 10:25:45.975991+00,Bharat Gas,
TEST-1202,BATCH002,Bharat Gas,500014,14.2,0,Empty,,2026-01-17,2025-07-15,2026-07-15,Gas Company,2026-03-16 10:25:45.975991+00,Bharat Gas,
TEST-1203,BATCH001,HP Gas,500004,14.2,100,Full,,2026-01-29,2026-02-27,2026-01-21,Testing Center,2026-03-16 10:04:53.306457+00,HP Gas,
TEST-1204,BATCH007,HP Gas,500059,14.2,0,Empty,,2026-01-26,2024-10-01,2025-10-01,Testing Center,2026-03-16 10:04:53.306457+00,HP Gas,
TEST-1205,BATCH004,Indane,500051,14.2,0,Damaged,,2026-02-11,2026-03-06,2026-08-02,Gas Company,2026-03-16 10:26:34.338202+00,Indane,
TEST-1206,BATCH005,Industrial Solutions,500018,14.2,100,Full,,2026-02-13,2025-11-12,2026-11-12,Testing Center,2026-03-16 10:27:07.302756+00,Industrial Solutions,
TEST-1207,BATCH002,Bharat Gas,500063,14.2,0,Empty,,2026-02-05,2025-08-10,2026-08-10,Gas Company,2026-03-16 10:25:45.975991+00,Bharat Gas,
TEST-1208,BATCH006,HP Gas,500097,14.2,0,Empty,,2026-01-26,2026-02-27,2025-10-20,Gas Company,2026-03-16 10:04:53.306457+00,HP Gas,
TEST-1209,BATCH009,Industrial Solutions,500067,14.2,0,Empty,,2026-01-27,2024-11-05,2025-11-05,Gas Company,2026-03-16 10:27:07.302756+00,Industrial Solutions,
TEST-1210,BATCH003,Indane,500067,14.2,0,Damaged,,2026-02-06,2026-02-26,2026-03-04,Testing Center,2026-03-16 10:26:34.338202+00,Indane,
TEST-1211,BATCH001,HP Gas,500077,14.2,0,Damaged,Body Dent Repair,2026-02-10,2026-02-27,2026-01-16,Gas Company,2026-03-16 10:04:53.306457+00,HP Gas,
TEST-1212,BATCH005,Industrial Solutions,500068,14.2,100,Full,,2026-02-05,2024-09-17,2025-09-17,Gas Company,2026-03-16 10:27:07.302756+00,Industrial Solutions,
TEST-1213,BATCH006,HP Gas,500013,14.2,0,Empty,,2026-01-25,2026-02-27,2026-05-18,Testing Center,2026-03-16 10:04:53.306457+00,HP Gas,
TEST-1214,BATCH006,HP Gas,500051,14.2,0,Empty,,2026-01-29,2026-02-27,2026-09-12,Gas Company,2026-03-16 10:04:53.306457+00,HP Gas,
TEST-1215,BATCH006,HP Gas,500090,14.2,100,Full,,2026-02-08,2026-02-27,2026-05-25,Gas Company,2026-03-16 10:04:53.306457+00,HP Gas,
TEST-1216,BATCH007,HP Gas,500079,14.2,0,Empty,,2026-01-22,2025-08-23,2026-08-23,Gas Company,2026-03-16 10:04:53.306457+00,HP Gas,
TEST-1217,BATCH006,HP Gas,500005,14.2,0,Damaged,,2026-02-07,2026-02-27,2026-04-13,Testing Center,2026-03-16 10:04:53.306457+00,HP Gas,
TEST-1218,BATCH006,HP Gas,500062,14.2,0,Damaged,,2026-01-25,2026-02-27,2025-11-19,Testing Center,2026-03-16 10:04:53.306457+00,HP Gas,
TEST-1219,BATCH008,Indane,500021,14.2,0,Damaged,,2026-01-20,2026-03-06,2026-06-22,Testing Center,2026-03-16 10:26:34.338202+00,Indane,
TEST-1220,BATCH005,Industrial Solutions,500007,14.2,0,Empty,,2026-01-29,2025-02-06,2026-02-06,Gas Company,2026-03-16 10:27:07.302756+00,Industrial Solutions,
TEST-1221,BATCH005,Industrial Solutions,500053,14.2,0,Empty,,2026-02-02,2024-10-24,2025-10-24,Testing Center,2026-03-16 10:27:07.302756+00,Industrial Solutions,
TEST-1222,BATCH009,Industrial Solutions,500060,14.2,0,Empty,,2026-02-06,2024-11-15,2025-11-15,Testing Center,2026-03-16 10:27:07.302756+00,Industrial Solutions,
TEST-1223,BATCH002,Bharat Gas,500047,14.2,0,Damaged,,2026-02-09,2025-01-24,2026-01-24,Gas Company,2026-03-16 10:25:45.975991+00,Bharat Gas,
TEST-1224,BATCH009,Industrial Solutions,500077,14.2,0,Damaged,,2026-02-06,2025-04-03,2026-04-03,Gas Company,2026-03-16 10:27:07.302756+00,Industrial Solutions,
TEST-1225,BATCH008,Indane,500068,14.2,0,Damaged,,2026-01-31,2026-03-06,2025-10-31,Testing Center,2026-03-16 10:26:34.338202+00,Indane,
TEST-1226,BATCH010,Industrial Solutions,500042,14.2,0,Empty,,2026-02-05,2025-05-30,2026-05-30,Gas Company,2026-03-16 10:27:07.302756+00,Industrial Solutions,
TEST-1227,BATCH006,HP Gas,500040,14.2,0,Empty,,2026-02-02,2026-02-27,2026-09-13,Testing Center,2026-03-16 10:04:53.306457+00,HP Gas,
TEST-1228,BATCH001,HP Gas,500054,14.2,0,Damaged,,2026-01-30,2026-02-27,2026-03-19,Testing Center,2026-03-16 10:04:53.306457+00,HP Gas,
TEST-1229,BATCH010,Industrial Solutions,500065,14.2,0,Empty,,2026-01-20,2024-12-25,2025-12-25,Gas Company,2026-03-16 10:27:07.302756+00,Industrial Solutions,
TEST-1230,BATCH004,Indane,500033,14.2,0,Damaged,,2026-01-24,2026-03-06,2026-11-13,Testing Center,2026-03-16 10:26:34.338202+00,Indane,
TEST-1231,BATCH002,Bharat Gas,500061,14.2,0,Damaged,,2026-01-29,2025-04-26,2026-04-26,Testing Center,2026-03-16 10:25:45.975991+00,Bharat Gas,
TEST-1232,BATCH001,HP Gas,500052,14.2,100,Full,,2026-02-11,2026-02-27,2025-07-23,Gas Company,2026-03-16 10:04:53.306457+00,HP Gas,
TEST-1233,BATCH002,Bharat Gas,500051,14.2,0,Damaged,,2026-01-31,2025-02-13,2026-02-13,Testing Center,2026-03-16 10:25:45.975991+00,Bharat Gas,
TEST-1234,BATCH005,Industrial Solutions,500016,14.2,0,Empty,,2026-01-19,2024-07-08,2025-07-08,Testing Center,2026-03-16 10:27:07.302756+00,Industrial Solutions,
TEST-1235,BATCH003,Indane,500065,14.2,0,Empty,,2026-02-16,2026-02-26,2026-09-14,Testing Center,2026-03-16 10:26:34.338202+00,Indane,
TEST-1236,BATCH004,Indane,500023,14.2,0,Empty,,2026-02-06,2026-03-06,2026-10-19,Testing Center,2026-03-16 10:26:34.338202+00,Indane,
TEST-1237,BATCH006,HP Gas,500014,14.2,0,Empty,,2026-02-02,2026-02-27,2025-10-29,Testing Center,2026-03-16 10:04:53.306457+00,HP Gas,
TEST-1238,BATCH009,Industrial Solutions,500014,14.2,0,Damaged,,2026-02-05,2025-04-11,2026-04-11,Gas Company,2026-03-16 10:27:07.302756+00,Industrial Solutions,
TEST-1239,BATCH003,Indane,500003,14.2,100,Full,,2026-01-23,2026-02-26,2025-07-16,Gas Company,2026-03-16 10:26:34.338202+00,Indane,
TEST-1240,BATCH007,HP Gas,500074,14.2,100,Full,,2026-01-28,2024-10-20,2025-10-20,Testing Center,2026-03-16 10:04:53.306457+00,HP Gas,
TEST-1241,BATCH008,Indane,500007,14.2,0,Empty,,2026-02-04,2026-03-06,2025-08-03,Gas Company,2026-03-16 10:26:34.338202+00,Indane,
TEST-1242,BATCH004,Indane,500014,14.2,100,Full,,2026-01-27,2026-03-06,2026-03-26,Gas Company,2026-03-16 10:26:34.338202+00,Indane,
TEST-1243,BATCH008,Indane,500042,14.2,0,Damaged,,2026-02-09,2026-03-06,2026-06-11,Testing Center,2026-03-16 10:26:34.338202+00,Indane,
TEST-1244,BATCH008,Indane,500054,14.2,100,Full,,2026-01-29,2026-03-06,2026-02-16,Gas Company,2026-03-16 10:26:34.338202+00,Indane,
TEST-1245,BATCH001,HP Gas,500037,14.2,0,Empty,,2026-02-09,2026-02-27,2026-02-02,Testing Center,2026-03-16 10:04:53.306457+00,HP Gas,
TEST-1246,BATCH002,Bharat Gas,500021,14.2,0,Empty,,2026-02-08,2025-03-03,2026-03-03,Testing Center,2026-03-16 10:25:45.975991+00,Bharat Gas,
TEST-1247,BATCH004,Indane,500043,14.2,0,Empty,,2026-01-23,2026-03-06,2026-03-18,Gas Company,2026-03-16 10:26:34.338202+00,Indane,
TEST-1248,BATCH008,Indane,500058,14.2,0,Damaged,,2026-01-22,2026-03-06,2026-04-30,Testing Center,2026-03-16 10:26:34.338202+00,Indane,
TEST-1249,BATCH006,HP Gas,500035,14.2,100,Full,,2026-02-06,2026-02-27,2025-07-24,Gas Company,2026-03-16 10:04:53.306457+00,HP Gas,
TEST-1250,BATCH005,Industrial Solutions,500005,14.2,0,Empty,,2026-02-06,2024-10-22,2025-10-22,Gas Company,2026-03-16 10:27:07.302756+00,Industrial Solutions,
TEST-1251,BATCH002,Bharat Gas,500025,14.2,0,Damaged,,2026-01-23,2024-07-15,2025-07-15,Gas Company,2026-03-16 10:25:45.975991+00,Bharat Gas,
TEST-1252,BATCH002,Bharat Gas,500068,14.2,0,Damaged,,2026-02-04,2024-08-21,2025-08-21,Gas Company,2026-03-16 10:25:45.975991+00,Bharat Gas,
TEST-1253,BATCH009,Industrial Solutions,500064,14.2,0,Empty,,2026-01-29,2025-02-13,2026-02-13,Testing Center,2026-03-16 10:27:07.302756+00,Industrial Solutions,
TEST-1254,BATCH003,Indane,500002,14.2,100,Full,,2026-01-29,2026-02-26,2026-08-12,Testing Center,2026-03-16 10:26:34.338202+00,Indane,
TEST-1255,BATCH005,Industrial Solutions,500019,14.2,0,Damaged,,2026-02-13,2024-07-28,2025-07-28,Gas Company,2026-03-16 10:27:07.302756+00,Industrial Solutions,
TEST-1256,BATCH005,Industrial Solutions,500084,14.2,0,Empty,,2026-01-21,2025-07-31,2026-07-31,Testing Center,2026-03-16 10:27:07.302756+00,Industrial Solutions,
TEST-1257,BATCH003,Indane,500046,14.2,0,Damaged,,2026-01-29,2026-02-26,2026-01-18,Testing Center,2026-03-16 10:26:34.338202+00,Indane,
TEST-1258,BATCH001,HP Gas,500028,14.2,0,Damaged,,2026-01-24,2026-02-27,2025-09-30,Gas Company,2026-03-16 10:04:53.306457+00,HP Gas,
TEST-1259,BATCH001,HP Gas,500073,14.2,0,Empty,,2026-01-30,2026-02-27,2026-02-10,Gas Company,2026-03-16 10:04:53.306457+00,HP Gas,
TEST-1260,BATCH002,Bharat Gas,500026,14.2,0,Empty,,2026-01-25,2025-09-02,2026-09-02,Gas Company,2026-03-16 10:25:45.975991+00,Bharat Gas,
TEST-1261,BATCH009,Industrial Solutions,500067,14.2,0,Damaged,,2026-02-15,2024-11-25,2025-11-25,Gas Company,2026-03-16 10:27:07.302756+00,Industrial Solutions,
TEST-1262,BATCH008,Indane,500053,14.2,0,Damaged,,2026-01-29,2026-03-06,2025-10-27,Gas Company,2026-03-16 10:26:34.338202+00,Indane,
TEST-1263,BATCH005,Industrial Solutions,500084,14.2,0,Empty,,2026-01-18,2024-09-19,2025-09-19,Gas Company,2026-03-16 10:27:07.302756+00,Industrial Solutions,
TEST-1264,BATCH007,HP Gas,500014,14.2,0,Damaged,,2026-02-09,2025-07-03,2026-07-03,Testing Center,2026-03-16 10:04:53.306457+00,HP Gas,
TEST-1265,BATCH005,Industrial Solutions,500037,14.2,0,Empty,,2026-01-18,2025-10-22,2026-10-22,Gas Company,2026-03-16 10:27:07.302756+00,Industrial Solutions,
TEST-1266,BATCH002,Bharat Gas,500046,14.2,0,Empty,,2026-01-29,2025-11-18,2026-11-18,Testing Center,2026-03-16 10:25:45.975991+00,Bharat Gas,
TEST-1267,BATCH003,Indane,500052,14.2,100,Full,,2026-01-27,2026-02-26,2025-08-11,Gas Company,2026-03-16 10:26:34.338202+00,Indane,
TEST-1268,BATCH005,Industrial Solutions,500047,14.2,100,Full,,2026-01-31,2024-11-16,2025-11-16,Testing Center,2026-03-16 10:27:07.302756+00,Industrial Solutions,
TEST-1269,BATCH001,HP Gas,500017,14.2,0,Damaged,,2026-01-25,2026-02-27,2025-08-19,Gas Company,2026-03-16 10:04:53.306457+00,HP Gas,
TEST-1270,BATCH001,HP Gas,500004,14.2,0,Empty,,2026-02-15,2026-02-27,2026-04-19,Testing Center,2026-03-16 10:04:53.306457+00,HP Gas,
TEST-1271,BATCH001,HP Gas,500050,14.2,0,Empty,,2026-02-16,2026-02-27,2026-10-15,Gas Company,2026-03-16 10:04:53.306457+00,HP Gas,
TEST-1272,BATCH009,Industrial Solutions,500025,14.2,0,Empty,,2026-01-27,2025-01-10,2026-01-10,Gas Company,2026-03-16 10:27:07.302756+00,Industrial Solutions,
TEST-1273,BATCH008,Indane,500045,14.2,0,Empty,,2026-02-08,2026-03-06,2025-08-20,Testing Center,2026-03-16 10:26:34.338202+00,Indane,
TEST-1274,BATCH002,Bharat Gas,500066,14.2,0,Empty,,2026-02-09,2024-12-20,2025-12-20,Gas Company,2026-03-16 10:25:45.975991+00,Bharat Gas,
TEST-1275,BATCH009,Industrial Solutions,500016,14.2,100,Full,,2026-02-06,2025-02-08,2026-02-08,Testing Center,2026-03-16 10:27:07.302756+00,Industrial Solutions,
TEST-1276,BATCH009,Industrial Solutions,500068,14.2,100,Full,,2026-02-03,2024-10-08,2025-10-08,Gas Company,2026-03-16 10:27:07.302756+00,Industrial Solutions,
TEST-1277,BATCH003,Indane,500011,14.2,0,Empty,,2026-02-03,2026-02-26,2025-12-28,Gas Company,2026-03-16 10:26:34.338202+00,Indane,
TEST-1278,BATCH007,HP Gas,500011,14.2,0,Empty,,2026-02-03,2024-08-05,2025-08-05,Testing Center,2026-03-16 10:04:53.306457+00,HP Gas,
TEST-1279,BATCH006,HP Gas,500062,14.2,100,Full,,2026-01-23,2026-02-27,2026-08-20,Gas Company,2026-03-16 10:04:53.306457+00,HP Gas,
TEST-1280,BATCH002,Bharat Gas,500029,14.2,100,Full,,2026-01-20,2025-07-09,2026-07-09,Gas Company,2026-03-16 10:25:45.975991+00,Bharat Gas,
TEST-1281,BATCH007,HP Gas,500034,14.2,100,Full,,2026-01-18,2025-02-12,2026-02-12,Gas Company,2026-03-16 10:04:53.306457+00,HP Gas,
TEST-1282,BATCH004,Indane,500053,14.2,0,Damaged,,2026-01-23,2026-03-06,2025-10-31,Gas Company,2026-03-16 10:26:34.338202+00,Indane,
TEST-1283,BATCH009,Industrial Solutions,500052,14.2,0,Empty,,2026-02-14,2025-09-27,2026-09-27,Testing Center,2026-03-16 10:27:07.302756+00,Industrial Solutions,
TEST-1284,BATCH002,Bharat Gas,500073,14.2,0,Empty,,2026-02-10,2025-04-27,2026-04-27,Gas Company,2026-03-16 10:25:45.975991+00,Bharat Gas,
TEST-1285,BATCH002,Bharat Gas,500063,14.2,0,Damaged,,2026-02-04,2025-06-18,2026-06-18,Testing Center,2026-03-16 10:25:45.975991+00,Bharat Gas,
TEST-1286,BATCH002,Bharat Gas,500053,14.2,0,Damaged,,2026-02-02,2025-01-01,2026-01-01,Gas Company,2026-03-16 10:25:45.975991+00,Bharat Gas,
TEST-1287,BATCH005,Industrial Solutions,500005,14.2,0,Empty,,2026-01-25,2025-02-21,2026-02-21,Testing Center,2026-03-16 10:27:07.302756+00,Industrial Solutions,
TEST-1288,BATCH001,HP Gas,500058,14.2,100,Full,,2026-01-24,2026-02-27,2026-07-22,Gas Company,2026-03-16 10:04:53.306457+00,HP Gas,
TEST-1289,BATCH005,Industrial Solutions,500001,14.2,0,Empty,,2026-02-08,2025-09-16,2026-09-16,Testing Center,2026-03-16 10:27:07.302756+00,Industrial Solutions,
TEST-1290,BATCH005,Industrial Solutions,500077,14.2,0,Empty,,2026-02-12,2025-09-02,2026-09-02,Testing Center,2026-03-16 10:27:07.302756+00,Industrial Solutions,
TEST-1291,BATCH006,HP Gas,500094,14.2,0,Empty,,2026-01-25,2026-02-27,2026-01-14,Gas Company,2026-03-16 10:04:53.306457+00,HP Gas,
TEST-1292,BATCH007,HP Gas,500077,14.2,0,Damaged,,2026-02-12,2025-01-06,2026-01-06,Gas Company,2026-03-16 10:04:53.306457+00,HP Gas,
TEST-1293,BATCH001,HP Gas,500013,14.2,0,Empty,,2026-01-24,2026-02-27,2025-09-14,Gas Company,2026-03-16 10:04:53.306457+00,HP Gas,
TEST-1294,BATCH001,HP Gas,500028,14.2,0,Damaged,,2026-02-06,2026-02-27,2025-09-16,Testing Center,2026-03-16 10:04:53.306457+00,HP Gas,
TEST-1295,BATCH003,Indane,500033,14.2,0,Empty,,2026-01-24,2026-02-26,2026-09-04,Testing Center,2026-03-16 10:26:34.338202+00,Indane,
TEST-1296,BATCH009,Industrial Solutions,500068,14.2,0,Damaged,,2026-01-26,2025-02-02,2026-02-02,Gas Company,2026-03-16 10:27:07.302756+00,Industrial Solutions,
TEST-1297,BATCH005,Industrial Solutions,500001,14.2,0,Empty,,2026-02-09,2025-11-08,2026-11-08,Gas Company,2026-03-16 10:27:07.302756+00,Industrial Solutions,
TEST-1298,BATCH006,HP Gas,500033,14.2,0,Damaged,,2026-01-22,2026-02-27,2026-06-20,Testing Center,2026-03-16 10:04:53.306457+00,HP Gas,
TEST-1299,BATCH007,HP Gas,500044,14.2,0,Empty,,2026-01-26,2025-03-23,2026-03-23,Gas Company,2026-03-16 10:04:53.306457+00,HP Gas,
TEST-1300,BATCH009,Industrial Solutions,500045,14.2,0,Damaged,,2026-01-27,2025-01-21,2026-01-21,Gas Company,2026-03-16 10:27:07.302756+00,Industrial Solutions,
TEST-1301,BATCH004,Indane,500097,14.2,0,Empty,,2026-02-11,2026-03-06,2025-11-11,Testing Center,2026-03-16 10:26:34.338202+00,Indane,
TEST-1302,BATCH007,HP Gas,500004,14.2,100,Full,,2026-02-04,2025-01-11,2026-01-11,Testing Center,2026-03-16 10:04:53.306457+00,HP Gas,
TEST-1303,BATCH007,HP Gas,500058,14.2,0,Empty,,2026-01-27,2025-08-21,2026-08-21,Testing Center,2026-03-16 10:04:53.306457+00,HP Gas,
TEST-1304,BATCH007,HP Gas,500022,14.2,0,Empty,,2026-01-30,2024-08-04,2025-08-04,Testing Center,2026-03-16 10:04:53.306457+00,HP Gas,
TEST-1305,BATCH004,Indane,500037,14.2,0,Empty,,2026-01-30,2026-03-06,2026-03-20,Gas Company,2026-03-16 10:26:34.338202+00,Indane,
TEST-1306,BATCH001,HP Gas,500011,14.2,0,Empty,,2026-02-15,2026-02-27,2025-09-17,Gas Company,2026-03-16 10:04:53.306457+00,HP Gas,
TEST-1307,BATCH007,HP Gas,500055,14.2,100,Full,,2026-02-12,2024-07-27,2025-07-27,Testing Center,2026-03-16 10:04:53.306457+00,HP Gas,
TEST-1308,BATCH007,HP Gas,500099,14.2,0,Damaged,,2026-01-26,2025-05-17,2026-05-17,Testing Center,2026-03-16 10:04:53.306457+00,HP Gas,
TEST-1309,BATCH008,Indane,500054,14.2,100,Full,,2026-01-23,2026-03-06,2026-01-16,Gas Company,2026-03-16 10:26:34.338202+00,Indane,
TEST-1310,BATCH003,Indane,500006,14.2,100,Full,,2026-02-16,2026-02-26,2025-09-22,Testing Center,2026-03-16 10:26:34.338202+00,Indane,
TEST-1311,BATCH005,Industrial Solutions,500095,14.2,0,Empty,,2026-02-08,2025-05-01,2026-05-01,Testing Center,2026-03-16 10:27:07.302756+00,Industrial Solutions,
TEST-1312,BATCH005,Industrial Solutions,500085,14.2,0,Empty,,2026-01-26,2025-08-11,2026-08-11,Testing Center,2026-03-16 10:27:07.302756+00,Industrial Solutions,
TEST-1313,BATCH010,Industrial Solutions,500015,14.2,0,Damaged,,2026-02-01,2025-09-24,2026-09-24,Gas Company,2026-03-16 10:27:07.302756+00,Industrial Solutions,
TEST-1314,BATCH003,Indane,500095,14.2,0,Empty,,2026-02-05,2026-02-26,2026-09-19,Testing Center,2026-03-16 10:26:34.338202+00,Indane,
TEST-1315,BATCH005,Industrial Solutions,500086,14.2,0,Empty,,2026-01-29,2025-07-08,2026-07-08,Testing Center,2026-03-16 10:27:07.302756+00,Industrial Solutions,
TEST-1316,BATCH004,Indane,500020,14.2,0,Empty,,2026-01-22,2026-03-06,2025-09-27,Gas Company,2026-03-16 10:26:34.338202+00,Indane,
TEST-1317,BATCH004,Indane,500005,14.2,0,Empty,,2026-02-16,2026-03-06,2025-12-07,Gas Company,2026-03-16 10:26:34.338202+00,Indane,
TEST-1318,BATCH005,Industrial Solutions,500088,14.2,100,Full,,2026-02-10,2025-02-22,2026-02-22,Testing Center,2026-03-16 10:27:07.302756+00,Industrial Solutions,
TEST-1319,BATCH001,HP Gas,500075,14.2,100,Full,,2026-01-19,2026-02-27,2026-03-29,Testing Center,2026-03-16 10:04:53.306457+00,HP Gas,
TEST-1320,BATCH010,Industrial Solutions,500055,14.2,0,Empty,,2026-01-20,2024-10-11,2025-10-11,Gas Company,2026-03-16 10:27:07.302756+00,Industrial Solutions,
TEST-1321,BATCH005,Industrial Solutions,500056,14.2,100,Full,,2026-02-03,2025-10-05,2026-10-05,Testing Center,2026-03-16 10:27:07.302756+00,Industrial Solutions,
TEST-1322,BATCH006,HP Gas,500034,14.2,0,Empty,,2026-02-05,2026-02-27,2026-05-31,Testing Center,2026-03-16 10:04:53.306457+00,HP Gas,
TEST-1323,BATCH004,Indane,500090,14.2,0,Empty,,2026-01-27,2026-03-06,2026-05-05,Gas Company,2026-03-16 10:26:34.338202+00,Indane,
TEST-1324,BATCH009,Industrial Solutions,500074,14.2,0,Empty,,2026-01-19,2025-01-06,2026-01-06,Testing Center,2026-03-16 10:27:07.302756+00,Industrial Solutions,
TEST-1325,BATCH006,HP Gas,500027,14.2,0,Empty,,2026-02-12,2026-02-27,2025-09-07,Testing Center,2026-03-16 10:04:53.306457+00,HP Gas,
TEST-1326,BATCH008,Indane,500065,14.2,0,Empty,,2026-01-28,2026-03-06,2025-09-15,Testing Center,2026-03-16 10:26:34.338202+00,Indane,
TEST-1327,BATCH010,Industrial Solutions,500021,14.2,0,Empty,,2026-02-01,2025-11-06,2026-11-06,Testing Center,2026-03-16 10:27:07.302756+00,Industrial Solutions,
TEST-1328,BATCH001,HP Gas,500079,14.2,100,Full,,2026-01-22,2026-02-27,2026-04-10,Gas Company,2026-03-16 10:04:53.306457+00,HP Gas,
TEST-1329,BATCH010,Industrial Solutions,500054,14.2,0,Empty,,2026-01-17,2025-06-30,2026-06-30,Testing Center,2026-03-16 10:27:07.302756+00,Industrial Solutions,
TEST-1330,BATCH008,Indane,500050,14.2,0,Empty,,2026-01-19,2026-03-06,2026-08-03,Testing Center,2026-03-16 10:26:34.338202+00,Indane,
TEST-1331,BATCH001,HP Gas,500071,14.2,100,Full,,2026-02-13,2026-02-27,2025-07-27,Gas Company,2026-03-16 10:04:53.306457+00,HP Gas,
TEST-1332,BATCH002,Bharat Gas,500041,14.2,0,Damaged,,2026-01-20,2024-10-18,2025-10-18,Testing Center,2026-03-16 10:25:45.975991+00,Bharat Gas,
TEST-1333,BATCH003,Indane,500075,14.2,100,Full,,2026-01-29,2026-02-26,2026-11-08,Testing Center,2026-03-16 10:26:34.338202+00,Indane,
TEST-1334,BATCH005,Industrial Solutions,500059,14.2,100,Full,,2026-02-03,2025-05-30,2026-05-30,Testing Center,2026-03-16 10:27:07.302756+00,Industrial Solutions,
TEST-1335,BATCH009,Industrial Solutions,500074,14.2,0,Empty,,2026-01-19,2025-05-17,2026-05-17,Testing Center,2026-03-16 10:27:07.302756+00,Industrial Solutions,
TEST-1336,BATCH006,HP Gas,500088,14.2,0,Damaged,,2026-01-31,2026-02-27,2025-11-14,Testing Center,2026-03-16 10:04:53.306457+00,HP Gas,
TEST-1337,BATCH004,Indane,500023,14.2,0,Empty,,2026-02-09,2026-03-06,2025-12-24,Gas Company,2026-03-16 10:26:34.338202+00,Indane,
TEST-1338,BATCH003,Indane,500050,14.2,100,Full,,2026-02-09,2026-02-26,2025-07-13,Gas Company,2026-03-16 10:26:34.338202+00,Indane,
TEST-1339,BATCH007,HP Gas,500077,14.2,0,Empty,,2026-01-30,2025-08-03,2026-08-03,Testing Center,2026-03-16 10:04:53.306457+00,HP Gas,
TEST-1340,BATCH001,HP Gas,500046,14.2,0,Empty,,2026-02-05,2026-02-27,2026-08-15,Gas Company,2026-03-16 10:04:53.306457+00,HP Gas,
TEST-1341,BATCH002,Bharat Gas,500093,14.2,100,Full,,2026-01-29,2025-10-22,2026-10-22,Testing Center,2026-03-16 10:25:45.975991+00,Bharat Gas,
TEST-1342,BATCH008,Indane,500009,14.2,0,Empty,,2026-01-21,2026-03-06,2025-08-22,Gas Company,2026-03-16 10:26:34.338202+00,Indane,
TEST-1343,BATCH005,Industrial Solutions,500065,14.2,100,Full,,2026-02-04,2024-07-16,2025-07-16,Gas Company,2026-03-16 10:27:07.302756+00,Industrial Solutions,
TEST-1344,BATCH006,HP Gas,500039,14.2,0,Damaged,,2026-02-06,2026-02-27,2026-07-03,Testing Center,2026-03-16 10:04:53.306457+00,HP Gas,
TEST-1345,BATCH010,Industrial Solutions,500036,14.2,0,Empty,,2026-02-01,2025-01-12,2026-01-12,Gas Company,2026-03-16 10:27:07.302756+00,Industrial Solutions,
TEST-1346,BATCH006,HP Gas,500070,14.2,100,Full,,2026-02-08,2026-02-27,2026-05-20,Gas Company,2026-03-16 10:04:53.306457+00,HP Gas,
TEST-1347,BATCH009,Industrial Solutions,500054,14.2,0,Empty,,2026-01-21,2025-04-15,2026-04-15,Testing Center,2026-03-16 10:27:07.302756+00,Industrial Solutions,
TEST-1348,BATCH005,Industrial Solutions,500010,14.2,0,Damaged,,2026-02-06,2024-10-11,2025-10-11,Testing Center,2026-03-16 10:27:07.302756+00,Industrial Solutions,
TEST-1349,BATCH007,HP Gas,500041,14.2,100,Full,,2026-02-09,2025-01-04,2026-01-04,Testing Center,2026-03-16 10:04:53.306457+00,HP Gas,
TEST-1350,BATCH004,Indane,500059,14.2,0,Empty,,2026-01-25,2026-03-06,2025-12-25,Gas Company,2026-03-16 10:26:34.338202+00,Indane,
TEST-1351,BATCH006,HP Gas,500024,14.2,0,Damaged,,2026-02-01,2026-02-27,2025-12-23,Gas Company,2026-03-16 10:04:53.306457+00,HP Gas,
TEST-1352,BATCH008,Indane,500005,14.2,0,Empty,,2026-01-21,2026-03-06,2026-06-23,Gas Company,2026-03-16 10:26:34.338202+00,Indane,
TEST-1353,BATCH007,HP Gas,500006,14.2,0,Empty,,2026-02-10,2025-03-17,2026-03-17,Testing Center,2026-03-16 10:04:53.306457+00,HP Gas,
TEST-1354,BATCH007,HP Gas,500058,14.2,0,Empty,,2026-01-30,2025-10-15,2026-10-15,Gas Company,2026-03-16 10:04:53.306457+00,HP Gas,
TEST-1355,BATCH003,Indane,500035,14.2,0,Empty,,2026-02-15,2026-02-26,2026-05-06,Gas Company,2026-03-16 10:26:34.338202+00,Indane,
TEST-1356,BATCH005,Industrial Solutions,500050,14.2,0,Damaged,,2026-02-11,2025-02-26,2026-02-26,Testing Center,2026-03-16 10:27:07.302756+00,Industrial Solutions,
TEST-1357,BATCH010,Industrial Solutions,500060,14.2,0,Empty,,2026-01-31,2025-08-03,2026-08-03,Gas Company,2026-03-16 10:27:07.302756+00,Industrial Solutions,
TEST-1358,BATCH001,HP Gas,500021,14.2,100,Full,,2026-01-18,2026-02-27,2026-06-04,Testing Center,2026-03-16 10:04:53.306457+00,HP Gas,
TEST-1359,BATCH003,Indane,500039,14.2,0,Empty,,2026-02-12,2026-02-26,2026-01-20,Gas Company,2026-03-16 10:26:34.338202+00,Indane,
TEST-1360,BATCH009,Industrial Solutions,500024,14.2,0,Empty,,2026-02-14,2025-03-31,2026-03-31,Testing Center,2026-03-16 10:27:07.302756+00,Industrial Solutions,
TEST-1361,BATCH003,Indane,500005,14.2,100,Full,,2026-02-12,2026-02-26,2026-04-20,Testing Center,2026-03-16 10:26:34.338202+00,Indane,
TEST-1362,BATCH002,Bharat Gas,500089,14.2,0,Empty,,2026-02-14,2025-07-23,2026-07-23,Testing Center,2026-03-16 10:25:45.975991+00,Bharat Gas,
TEST-1363,BATCH004,Indane,500037,14.2,100,Full,,2026-01-24,2026-03-06,2025-11-08,Testing Center,2026-03-16 10:26:34.338202+00,Indane,
TEST-1364,BATCH005,Industrial Solutions,500050,14.2,0,Empty,,2026-01-22,2025-06-26,2026-06-26,Testing Center,2026-03-16 10:27:07.302756+00,Industrial Solutions,
TEST-1365,BATCH006,HP Gas,500037,14.2,0,Empty,,2026-02-02,2026-02-27,2026-04-16,Testing Center,2026-03-16 10:04:53.306457+00,HP Gas,
TEST-1366,BATCH005,Industrial Solutions,500034,14.2,0,Empty,,2026-01-25,2024-11-23,2025-11-23,Testing Center,2026-03-16 10:27:07.302756+00,Industrial Solutions,
TEST-1367,BATCH006,HP Gas,500044,14.2,0,Damaged,,2026-01-19,2026-02-27,2026-09-12,Gas Company,2026-03-16 10:04:53.306457+00,HP Gas,
TEST-1368,BATCH005,Industrial Solutions,500056,14.2,0,Empty,,2026-01-22,2025-10-26,2026-10-26,Testing Center,2026-03-16 10:27:07.302756+00,Industrial Solutions,
TEST-1369,BATCH003,Indane,500023,14.2,0,Damaged,,2026-01-24,2026-02-26,2026-04-09,Testing Center,2026-03-16 10:26:34.338202+00,Indane,
TEST-1370,BATCH004,Indane,500046,14.2,0,Damaged,,2026-02-10,2026-03-06,2025-08-03,Testing Center,2026-03-16 10:26:34.338202+00,Indane,
TEST-1371,BATCH008,Indane,500029,14.2,0,Damaged,,2026-01-17,2026-03-06,2025-07-28,Testing Center,2026-03-16 10:26:34.338202+00,Indane,
TEST-1372,BATCH008,Indane,500022,14.2,100,Full,,2026-01-26,2026-03-06,2026-05-04,Testing Center,2026-03-16 10:26:34.338202+00,Indane,
TEST-1373,BATCH007,HP Gas,500026,14.2,100,Full,,2026-01-23,2024-12-09,2025-12-09,Gas Company,2026-03-16 10:04:53.306457+00,HP Gas,
TEST-1374,BATCH009,Industrial Solutions,500008,14.2,0,Empty,,2026-01-20,2025-01-19,2026-01-19,Testing Center,2026-03-16 10:27:07.302756+00,Industrial Solutions,
TEST-1375,BATCH008,Indane,500084,14.2,0,Damaged,,2026-02-14,2026-03-06,2025-12-14,Gas Company,2026-03-16 10:26:34.338202+00,Indane,
TEST-1376,BATCH005,Industrial Solutions,500019,14.2,0,Empty,,2026-02-01,2025-10-12,2026-10-12,Gas Company,2026-03-16 10:27:07.302756+00,Industrial Solutions,
TEST-1377,BATCH002,Bharat Gas,500028,14.2,100,Full,,2026-01-18,2025-06-08,2026-06-08,Testing Center,2026-03-16 10:25:45.975991+00,Bharat Gas,
TEST-1378,BATCH009,Industrial Solutions,500017,14.2,0,Damaged,,2026-01-27,2024-10-09,2025-10-09,Testing Center,2026-03-16 10:27:07.302756+00,Industrial Solutions,
TEST-1379,BATCH004,Indane,500005,14.2,0,Empty,,2026-01-20,2026-03-06,2025-11-11,Testing Center,2026-03-16 10:26:34.338202+00,Indane,
TEST-1380,BATCH008,Indane,500017,14.2,0,Damaged,,2026-02-01,2026-03-06,2026-08-30,Gas Company,2026-03-16 10:26:34.338202+00,Indane,
TEST-1381,BATCH009,Industrial Solutions,500019,14.2,0,Empty,,2026-02-03,2025-07-20,2026-07-20,Gas Company,2026-03-16 10:27:07.302756+00,Industrial Solutions,
TEST-1382,BATCH006,HP Gas,500046,14.2,0,Damaged,,2026-01-19,2026-02-27,2026-07-28,Testing Center,2026-03-16 10:04:53.306457+00,HP Gas,
TEST-1383,BATCH002,Bharat Gas,500011,14.2,0,Empty,,2026-01-26,2024-07-07,2025-07-07,Gas Company,2026-03-16 10:25:45.975991+00,Bharat Gas,
TEST-1384,BATCH009,Industrial Solutions,500011,14.2,0,Damaged,,2026-02-06,2025-04-15,2026-04-15,Gas Company,2026-03-16 10:27:07.302756+00,Industrial Solutions,
TEST-1385,BATCH001,HP Gas,500073,14.2,0,Empty,,2026-01-19,2026-02-27,2026-07-21,Gas Company,2026-03-16 10:04:53.306457+00,HP Gas,
TEST-1386,BATCH002,Bharat Gas,500088,14.2,0,Empty,,2026-01-18,2025-05-15,2026-05-15,Testing Center,2026-03-16 10:25:45.975991+00,Bharat Gas,
TEST-1387,BATCH002,Bharat Gas,500085,14.2,100,Full,,2026-02-05,2025-05-07,2026-05-07,Testing Center,2026-03-16 10:25:45.975991+00,Bharat Gas,
TEST-1388,BATCH010,Industrial Solutions,500085,14.2,100,Full,,2026-01-24,2024-11-18,2025-11-18,Gas Company,2026-03-16 10:27:07.302756+00,Industrial Solutions,
TEST-1389,BATCH001,HP Gas,500061,14.2,0,Empty,,2026-01-29,2026-02-27,2026-02-24,Testing Center,2026-03-16 10:04:53.306457+00,HP Gas,
TEST-1390,BATCH006,HP Gas,500029,14.2,0,Damaged,,2026-02-05,2026-02-27,2025-10-09,Gas Company,2026-03-16 10:04:53.306457+00,HP Gas,
TEST-1391,BATCH005,Industrial Solutions,500097,14.2,0,Empty,,2026-01-26,2024-09-28,2025-09-28,Testing Center,2026-03-16 10:27:07.302756+00,Industrial Solutions,
TEST-1392,BATCH002,Bharat Gas,500015,14.2,100,Full,,2026-01-17,2024-08-09,2025-08-09,Testing Center,2026-03-16 10:25:45.975991+00,Bharat Gas,
TEST-1393,BATCH004,Indane,500052,14.2,0,Empty,,2026-01-22,2026-03-06,2026-06-13,Testing Center,2026-03-16 10:26:34.338202+00,Indane,
TEST-1394,BATCH002,Bharat Gas,500058,14.2,0,Empty,,2026-02-15,2025-04-23,2026-04-23,Gas Company,2026-03-16 10:25:45.975991+00,Bharat Gas,
TEST-1395,BATCH001,HP Gas,500012,14.2,100,Full,,2026-02-15,2026-02-27,2026-04-25,Gas Company,2026-03-16 10:04:53.306457+00,HP Gas,
TEST-1396,BATCH003,Indane,500048,14.2,0,Empty,,2026-01-21,2026-02-26,2026-11-05,Gas Company,2026-03-16 10:26:34.338202+00,Indane,
TEST-1397,BATCH005,Industrial Solutions,500022,14.2,0,Empty,,2026-02-03,2025-08-22,2026-08-22,Testing Center,2026-03-16 10:27:07.302756+00,Industrial Solutions,
TEST-1398,BATCH007,HP Gas,500093,14.2,100,Full,,2026-01-20,2025-11-17,2026-11-17,Testing Center,2026-03-16 10:04:53.306457+00,HP Gas,
TEST-1399,BATCH009,Industrial Solutions,500025,14.2,0,Empty,,2026-02-09,2025-07-02,2026-07-02,Gas Company,2026-03-16 10:27:07.302756+00,Industrial Solutions,
TEST-1400,BATCH001,HP Gas,500049,14.2,0,Empty,,2026-02-05,2026-02-27,2026-03-30,Testing Center,2026-03-16 10:04:53.306457+00,HP Gas,
TEST-1401,BATCH003,Indane,500025,14.2,0,Empty,,2026-02-11,2026-02-26,2026-03-01,Testing Center,2026-03-16 10:26:34.338202+00,Indane,
TEST-1402,BATCH004,Indane,500042,14.2,0,Empty,,2026-02-10,2026-03-06,2025-12-26,Gas Company,2026-03-16 10:26:34.338202+00,Indane,
TEST-1403,BATCH007,HP Gas,500082,14.2,0,Empty,,2026-02-11,2025-10-14,2026-10-14,Testing Center,2026-03-16 10:04:53.306457+00,HP Gas,
TEST-1404,BATCH003,Indane,500022,14.2,0,Damaged,,2026-02-07,2026-02-26,2026-08-18,Gas Company,2026-03-16 10:26:34.338202+00,Indane,
TEST-1405,BATCH001,HP Gas,500068,14.2,100,Full,,2026-01-22,2026-02-27,2026-09-29,Gas Company,2026-03-16 10:04:53.306457+00,HP Gas,
TEST-1406,BATCH003,Indane,500042,14.2,0,Empty,,2026-02-15,2026-02-26,2025-12-24,Testing Center,2026-03-16 10:26:34.338202+00,Indane,
TEST-1407,BATCH010,Industrial Solutions,500004,14.2,0,Damaged,,2026-02-10,2024-11-13,2025-11-13,Testing Center,2026-03-16 10:27:07.302756+00,Industrial Solutions,
TEST-1408,BATCH006,HP Gas,500034,14.2,0,Empty,,2026-01-29,2026-02-27,2026-07-03,Gas Company,2026-03-16 10:04:53.306457+00,HP Gas,
TEST-1409,BATCH006,HP Gas,500019,14.2,0,Empty,,2026-02-16,2026-02-27,2026-02-07,Gas Company,2026-03-16 10:04:53.306457+00,HP Gas,
TEST-1410,BATCH004,Indane,500070,14.2,0,Empty,,2026-01-17,2026-03-06,2026-05-11,Testing Center,2026-03-16 10:26:34.338202+00,Indane,
TEST-1411,BATCH003,Indane,500090,14.2,100,Full,,2026-02-04,2026-02-26,2026-09-24,Testing Center,2026-03-16 10:26:34.338202+00,Indane,
TEST-1412,BATCH004,Indane,500088,14.2,100,Full,,2026-02-02,2026-03-06,2026-08-12,Testing Center,2026-03-16 10:26:34.338202+00,Indane,
TEST-1413,BATCH010,Industrial Solutions,500070,14.2,100,Full,,2026-01-26,2025-01-25,2026-01-25,Testing Center,2026-03-16 10:27:07.302756+00,Industrial Solutions,
TEST-1414,BATCH008,Indane,500015,14.2,0,Empty,,2026-01-17,2026-03-06,2025-09-21,Gas Company,2026-03-16 10:26:34.338202+00,Indane,
TEST-1415,BATCH008,Indane,500059,14.2,0,Empty,,2026-01-20,2026-03-06,2026-05-19,Testing Center,2026-03-16 10:26:34.338202+00,Indane,
TEST-1416,BATCH001,HP Gas,500045,14.2,100,Full,,2026-01-30,2026-02-27,2026-02-20,Testing Center,2026-03-16 10:04:53.306457+00,HP Gas,
TEST-1417,BATCH005,Industrial Solutions,500005,14.2,100,Full,,2026-02-13,2024-10-30,2025-10-30,Gas Company,2026-03-16 10:27:07.302756+00,Industrial Solutions,
TEST-1418,BATCH006,HP Gas,500068,14.2,100,Full,,2026-02-04,2026-02-27,2026-04-12,Testing Center,2026-03-16 10:04:53.306457+00,HP Gas,
TEST-1419,BATCH006,HP Gas,500096,14.2,0,Empty,,2026-02-15,2026-02-27,2026-08-07,Gas Company,2026-03-16 10:04:53.306457+00,HP Gas,
TEST-1420,BATCH004,Indane,500012,14.2,0,Empty,,2026-02-10,2026-03-06,2025-10-07,Gas Company,2026-03-16 10:26:34.338202+00,Indane,
TEST-1421,BATCH004,Indane,500060,14.2,100,Full,,2026-02-15,2026-03-06,2025-11-08,Gas Company,2026-03-16 10:26:34.338202+00,Indane,
TEST-1422,BATCH005,Industrial Solutions,500083,14.2,0,Damaged,,2026-02-11,2024-11-17,2025-11-17,Testing Center,2026-03-16 10:27:07.302756+00,Industrial Solutions,
TEST-1423,BATCH007,HP Gas,500056,14.2,100,Full,,2026-02-01,2025-06-17,2026-06-17,Testing Center,2026-03-16 10:04:53.306457+00,HP Gas,
TEST-1424,BATCH007,HP Gas,500085,14.2,0,Empty,,2026-02-16,2024-07-06,2025-07-06,Testing Center,2026-03-16 10:04:53.306457+00,HP Gas,
TEST-1425,BATCH005,Industrial Solutions,500036,14.2,0,Damaged,,2026-01-23,2024-11-20,2025-11-20,Gas Company,2026-03-16 10:27:07.302756+00,Industrial Solutions,
TEST-1426,BATCH001,HP Gas,500051,14.2,0,Empty,,2026-01-18,2026-02-27,2025-10-10,Gas Company,2026-03-16 10:04:53.306457+00,HP Gas,
TEST-1427,BATCH001,HP Gas,500091,14.2,0,Empty,,2026-01-31,2026-02-27,2026-07-28,Testing Center,2026-03-16 10:04:53.306457+00,HP Gas,
TEST-1428,BATCH005,Industrial Solutions,500099,14.2,0,Empty,,2026-01-17,2025-09-06,2026-09-06,Gas Company,2026-03-16 10:27:07.302756+00,Industrial Solutions,
TEST-1429,BATCH009,Industrial Solutions,500062,14.2,0,Empty,,2026-02-09,2024-09-07,2025-09-07,Gas Company,2026-03-16 10:27:07.302756+00,Industrial Solutions,
TEST-1430,BATCH004,Indane,500063,14.2,0,Damaged,,2026-02-16,2026-03-06,2025-12-27,Testing Center,2026-03-16 10:26:34.338202+00,Indane,
TEST-1431,BATCH002,Bharat Gas,500068,14.2,0,Empty,,2026-01-24,2025-04-30,2026-04-30,Testing Center,2026-03-16 10:25:45.975991+00,Bharat Gas,
TEST-1432,BATCH002,Bharat Gas,500037,14.2,0,Empty,,2026-02-10,2025-08-28,2026-08-28,Gas Company,2026-03-16 10:25:45.975991+00,Bharat Gas,
TEST-1433,BATCH005,Industrial Solutions,500050,14.2,0,Empty,,2026-02-11,2024-10-13,2025-10-13,Testing Center,2026-03-16 10:27:07.302756+00,Industrial Solutions,
TEST-1434,BATCH001,HP Gas,500038,14.2,0,Empty,,2026-02-11,2026-02-27,2026-09-04,Gas Company,2026-03-16 10:04:53.306457+00,HP Gas,
TEST-1435,BATCH008,Indane,500014,14.2,0,Empty,,2026-01-29,2026-03-06,2026-10-25,Gas Company,2026-03-16 10:26:34.338202+00,Indane,
TEST-1436,BATCH010,Industrial Solutions,500056,14.2,100,Full,,2026-01-18,2025-04-22,2026-04-22,Gas Company,2026-03-16 10:27:07.302756+00,Industrial Solutions,
TEST-1437,BATCH001,HP Gas,500021,14.2,100,Full,,2026-01-24,2026-02-27,2026-09-09,Gas Company,2026-03-16 10:04:53.306457+00,HP Gas,
TEST-1438,BATCH005,Industrial Solutions,500064,14.2,0,Damaged,,2026-01-29,2025-06-30,2026-06-30,Gas Company,2026-03-16 10:27:07.302756+00,Industrial Solutions,
TEST-1439,BATCH008,Indane,500064,14.2,100,Full,,2026-01-28,2026-03-06,2026-02-02,Testing Center,2026-03-16 10:26:34.338202+00,Indane,
TEST-1440,BATCH004,Indane,500084,14.2,0,Damaged,,2026-01-24,2026-03-06,2026-01-30,Testing Center,2026-03-16 10:26:34.338202+00,Indane,
TEST-1441,BATCH010,Industrial Solutions,500054,14.2,0,Empty,,2026-01-29,2025-03-31,2026-03-31,Gas Company,2026-03-16 10:27:07.302756+00,Industrial Solutions,
TEST-1442,BATCH005,Industrial Solutions,500064,14.2,100,Full,,2026-01-22,2025-08-23,2026-08-23,Testing Center,2026-03-16 10:27:07.302756+00,Industrial Solutions,
TEST-1443,BATCH010,Industrial Solutions,500048,14.2,0,Empty,,2026-01-19,2025-03-10,2026-03-10,Gas Company,2026-03-16 10:27:07.302756+00,Industrial Solutions,
TEST-1444,BATCH007,HP Gas,500005,14.2,0,Damaged,,2026-01-23,2025-02-26,2026-02-26,Gas Company,2026-03-16 10:04:53.306457+00,HP Gas,
TEST-1445,BATCH006,HP Gas,500079,14.2,100,Full,,2026-01-27,2026-02-27,2025-09-23,Testing Center,2026-03-16 10:04:53.306457+00,HP Gas,
TEST-1446,BATCH010,Industrial Solutions,500035,14.2,0,Empty,,2026-02-08,2025-04-22,2026-04-22,Testing Center,2026-03-16 10:27:07.302756+00,Industrial Solutions,
TEST-1447,BATCH007,HP Gas,500049,14.2,0,Empty,,2026-01-23,2024-12-14,2025-12-14,Gas Company,2026-03-16 10:04:53.306457+00,HP Gas,
TEST-1448,BATCH003,Indane,500077,14.2,100,Full,,2026-01-21,2026-02-26,2025-12-23,Testing Center,2026-03-16 10:26:34.338202+00,Indane,
TEST-1449,BATCH003,Indane,500042,14.2,0,Damaged,,2026-02-12,2026-02-26,2026-11-15,Gas Company,2026-03-16 10:26:34.338202+00,Indane,
TEST-1450,BATCH004,Indane,500009,14.2,0,Empty,,2026-02-05,2026-03-06,2026-06-17,Gas Company,2026-03-16 10:26:34.338202+00,Indane,
TEST-1451,BATCH006,HP Gas,500061,14.2,0,Empty,,2026-02-10,2026-02-27,2026-01-13,Testing Center,2026-03-16 10:04:53.306457+00,HP Gas,
TEST-1452,BATCH010,Industrial Solutions,500038,14.2,100,Full,,2026-01-20,2025-05-12,2026-05-12,Gas Company,2026-03-16 10:27:07.302756+00,Industrial Solutions,
TEST-1453,BATCH005,Industrial Solutions,500008,14.2,100,Full,,2026-02-07,2025-06-16,2026-06-16,Testing Center,2026-03-16 10:27:07.302756+00,Industrial Solutions,
TEST-1454,BATCH006,HP Gas,500082,14.2,0,Empty,,2026-01-23,2026-02-27,2025-11-02,Testing Center,2026-03-16 10:04:53.306457+00,HP Gas,
TEST-1455,BATCH003,Indane,500013,14.2,0,Damaged,,2026-02-05,2026-02-26,2026-07-07,Testing Center,2026-03-16 10:26:34.338202+00,Indane,
TEST-1456,BATCH005,Industrial Solutions,500062,14.2,0,Empty,,2026-01-21,2024-11-15,2025-11-15,Testing Center,2026-03-16 10:27:07.302756+00,Industrial Solutions,
TEST-1457,BATCH009,Industrial Solutions,500018,14.2,0,Empty,,2026-01-26,2024-09-02,2025-09-02,Gas Company,2026-03-16 10:27:07.302756+00,Industrial Solutions,
TEST-1458,BATCH002,Bharat Gas,500025,14.2,0,Empty,,2026-01-18,2025-04-23,2026-04-23,Gas Company,2026-03-16 10:25:45.975991+00,Bharat Gas,
TEST-1459,BATCH005,Industrial Solutions,500063,14.2,0,Empty,,2026-01-31,2025-10-20,2026-10-20,Testing Center,2026-03-16 10:27:07.302756+00,Industrial Solutions,
TEST-1460,BATCH010,Industrial Solutions,500042,14.2,100,Full,,2026-02-16,2025-03-23,2026-03-23,Testing Center,2026-03-16 10:27:07.302756+00,Industrial Solutions,
TEST-1461,BATCH003,Indane,500043,14.2,100,Full,,2026-01-21,2026-02-26,2025-10-24,Gas Company,2026-03-16 10:26:34.338202+00,Indane,
TEST-1462,BATCH006,HP Gas,500094,14.2,100,Full,,2026-01-18,2026-02-27,2025-08-15,Testing Center,2026-03-16 10:04:53.306457+00,HP Gas,
TEST-1463,BATCH010,Industrial Solutions,500057,14.2,0,Empty,,2026-02-15,2025-03-13,2026-03-13,Gas Company,2026-03-16 10:27:07.302756+00,Industrial Solutions,
TEST-1464,BATCH002,Bharat Gas,500071,14.2,0,Damaged,,2026-02-04,2024-07-24,2025-07-24,Gas Company,2026-03-16 10:25:45.975991+00,Bharat Gas,
TEST-1465,BATCH007,HP Gas,500056,14.2,100,Full,,2026-01-24,2024-11-02,2025-11-02,Gas Company,2026-03-16 10:04:53.306457+00,HP Gas,
TEST-1466,BATCH004,Indane,500071,14.2,100,Full,,2026-02-09,2026-03-06,2025-11-04,Testing Center,2026-03-16 10:26:34.338202+00,Indane,
TEST-1467,BATCH009,Industrial Solutions,500016,14.2,0,Empty,,2026-02-08,2025-11-17,2026-11-17,Testing Center,2026-03-16 10:27:07.302756+00,Industrial Solutions,
TEST-1468,BATCH006,HP Gas,500089,14.2,0,Empty,,2026-01-25,2026-02-27,2025-08-14,Gas Company,2026-03-16 10:04:53.306457+00,HP Gas,
TEST-1469,BATCH005,Industrial Solutions,500045,14.2,100,Full,,2026-01-28,2025-09-04,2026-09-04,Testing Center,2026-03-16 10:27:07.302756+00,Industrial Solutions,
TEST-1470,BATCH004,Indane,500091,14.2,0,Empty,,2026-01-17,2026-03-06,2026-08-07,Gas Company,2026-03-16 10:26:34.338202+00,Indane,
TEST-1471,BATCH007,HP Gas,500038,14.2,0,Empty,,2026-02-07,2024-09-21,2025-09-21,Testing Center,2026-03-16 10:04:53.306457+00,HP Gas,
TEST-1472,BATCH003,Indane,500081,14.2,0,Empty,,2026-01-28,2026-02-26,2025-10-06,Testing Center,2026-03-16 10:26:34.338202+00,Indane,
TEST-1473,BATCH005,Industrial Solutions,500051,14.2,0,Empty,,2026-01-24,2025-01-05,2026-01-05,Testing Center,2026-03-16 10:27:07.302756+00,Industrial Solutions,
TEST-1474,BATCH005,Industrial Solutions,500087,14.2,0,Empty,,2026-01-19,2024-09-21,2025-09-21,Gas Company,2026-03-16 10:27:07.302756+00,Industrial Solutions,
TEST-1475,BATCH008,Indane,500058,14.2,0,Damaged,,2026-01-29,2026-03-06,2026-01-31,Testing Center,2026-03-16 10:26:34.338202+00,Indane,
TEST-1476,BATCH007,HP Gas,500004,14.2,100,Full,,2026-01-25,2025-10-10,2026-10-10,Testing Center,2026-03-16 10:04:53.306457+00,HP Gas,
TEST-1477,BATCH007,HP Gas,500043,14.2,0,Empty,,2026-02-15,2025-07-08,2026-07-08,Testing Center,2026-03-16 10:04:53.306457+00,HP Gas,
TEST-1478,BATCH006,HP Gas,500085,14.2,0,Empty,,2026-02-01,2026-02-27,2026-08-22,Testing Center,2026-03-16 10:04:53.306457+00,HP Gas,
TEST-1479,BATCH006,HP Gas,500029,14.2,100,Full,,2026-01-17,2026-02-27,2025-10-22,Testing Center,2026-03-16 10:04:53.306457+00,HP Gas,
TEST-1480,BATCH009,Industrial Solutions,500073,14.2,0,Damaged,,2026-01-28,2025-11-04,2026-11-04,Testing Center,2026-03-16 10:27:07.302756+00,Industrial Solutions,
TEST-1481,BATCH006,HP Gas,500046,14.2,0,Empty,,2026-02-04,2026-02-27,2026-10-30,Gas Company,2026-03-16 10:04:53.306457+00,HP Gas,
TEST-1482,BATCH010,Industrial Solutions,500067,14.2,100,Full,,2026-01-20,2024-09-23,2025-09-23,Gas Company,2026-03-16 10:27:07.302756+00,Industrial Solutions,
TEST-1483,BATCH003,Indane,500021,14.2,0,Empty,,2026-02-09,2026-02-26,2026-06-12,Gas Company,2026-03-16 10:26:34.338202+00,Indane,
TEST-1484,BATCH006,HP Gas,500017,14.2,0,Damaged,,2026-01-22,2026-02-27,2025-09-10,Testing Center,2026-03-16 10:04:53.306457+00,HP Gas,
TEST-1485,BATCH006,HP Gas,500032,14.2,100,Full,,2026-01-31,2026-02-27,2026-03-08,Testing Center,2026-03-16 10:04:53.306457+00,HP Gas,
TEST-1486,BATCH008,Indane,500091,14.2,0,Empty,,2026-02-12,2026-03-06,2026-01-24,Testing Center,2026-03-16 10:26:34.338202+00,Indane,
TEST-1487,BATCH005,Industrial Solutions,500050,14.2,0,Damaged,,2026-01-29,2025-09-07,2026-09-07,Gas Company,2026-03-16 10:27:07.302756+00,Industrial Solutions,
TEST-1488,BATCH003,Indane,500074,14.2,0,Empty,,2026-02-06,2026-02-26,2026-07-21,Testing Center,2026-03-16 10:26:34.338202+00,Indane,
TEST-1489,BATCH009,Industrial Solutions,500037,14.2,0,Empty,,2026-01-19,2024-08-21,2025-08-21,Testing Center,2026-03-16 10:27:07.302756+00,Industrial Solutions,
TEST-1490,BATCH001,HP Gas,500047,14.2,0,Empty,,2026-02-11,2026-02-27,2026-05-25,Testing Center,2026-03-16 10:04:53.306457+00,HP Gas,
TEST-1491,BATCH001,HP Gas,500084,14.2,0,Empty,,2026-02-11,2026-02-27,2025-09-14,Testing Center,2026-03-16 10:04:53.306457+00,HP Gas,
TEST-1492,BATCH003,Indane,500031,14.2,0,Damaged,,2026-01-28,2026-02-26,2026-06-01,Testing Center,2026-03-16 10:26:34.338202+00,Indane,
TEST-1493,BATCH008,Indane,500024,14.2,0,Empty,,2026-01-20,2026-03-06,2025-12-24,Testing Center,2026-03-16 10:26:34.338202+00,Indane,
TEST-1494,BATCH003,Indane,500027,14.2,0,Damaged,,2026-01-29,2026-02-26,2025-12-15,Gas Company,2026-03-16 10:26:34.338202+00,Indane,
TEST-1495,BATCH005,Industrial Solutions,500067,14.2,0,Damaged,,2026-01-21,2025-08-09,2026-08-09,Testing Center,2026-03-16 10:27:07.302756+00,Industrial Solutions,
TEST-1496,BATCH004,Indane,500084,14.2,100,Full,,2026-01-23,2026-03-06,2026-07-05,Gas Company,2026-03-16 10:26:34.338202+00,Indane,
TEST-1497,BATCH003,Indane,500032,14.2,0,Empty,,2026-02-04,2026-02-26,2026-04-12,Testing Center,2026-03-16 10:26:34.338202+00,Indane,
TEST-1498,BATCH004,Indane,500076,14.2,100,Full,,2026-01-22,2026-03-06,2026-07-11,Gas Company,2026-03-16 10:26:34.338202+00,Indane,
TEST-1499,BATCH009,Industrial Solutions,500062,14.2,0,Empty,,2026-02-13,2025-10-09,2026-10-09,Testing Center,2026-03-16 10:27:07.302756+00,Industrial Solutions,